text,label
nhân_viên thô lổ . đên trước mà_lại nhận món ăn sau cùng.hỏi thì nhân_viên trả_lời thô lổ,0
đây là chuổi hê_thống thức_ăn nhanh.chắc moi người ai cũng biết rồi . ai chưa biết.xin hãy đến đây.đến với tôi nào.rồi ban sẽ không tiếc như tôi.bỏ ra 5 sao .,1
nhân_viên làm_ăn lề_mà_lề_mề .,0
"quán đẹp mà đồ_ăn cũng rất ngon , mọi người nên ghé",1
ngon xuất_sắc . các bạn nên tải app mc về để nhận được thêm ưu_đãi nha .,1
unkind ㅜ,0
"khong vao , khong quan tam",0
"chất_lượng đồ_ăn thì không có gì phải nói tuy_nhiên cách_thức làm_việc ở nhà_hàng này lại không hiệu_quả chút nào quán không có loa thông_báo vì quán rất đông khách , lượng người chờ lấy đồ_là rất lớn , có những khách tây hoặc người chờ lấy đồ tại bàn thì không_thể nghe hoặc hiểu được nếu_như nhân_viên chỉ gào mồm lên đọc đơn số ... ra nhận hàng nơi này thực_sự cần một hệ_thống loa và mic để nhân_viên đọc số thứ_tự trên loa tránh cho việc đồ làm xong nhưng người nhận không biết cứ chờ và và lượng khách tới liên_tục sẽ gây hiện_tượng chờ đồ lâu , ách_tắc không cần_thiết",2
"tôi đi vào bên trong bị đặt_hàng sai , rắc_rối với tiếng_anh",2
"nhân_viên quá tệ , có cái mã đưa cũng không chịu nhập cho khách thế mấy người tạo ra mã làm mẹ gì không bao_giờ qua lần 2",0
"hôm_nay tôi đến dùng tại mcdonad chú bảo_vệ mập mập ngồi với mấy a tài_xế ol . chú nói_chuyện rất mất lịch_sự , tục tiểu_cần xem_xét lại hình_ảnh bảo_vệ tại đây .",0
"tránh thứ tư , bạn sẽ hiểu tại_sao :khuôn mặt rạng rỡ với đôi mắt cười:",2
"vị_trí thuận_tiện hẹn_hò gặp_gỡ , nhiều chổ đậu xe ô_tô và xe 2 bánh tải app mcdonald để nhận thông_báo khuyến_mãi",2
"còn chỗ để ô_tô mà bảo_vệ vẫn để vật chắn để giữ xe ngoài lấy tiền . vì khách vô ăn không được lấy tiền giữ xe nên không cho để xe vô ăn , mình phải quay 1 vòng mua đem về . nhân_viên trong quầy thì ok",0
"một trong những trải_nghiệm tồi_tệ nhất của mcdonald mcdonald mà tôi từng có . trước_hết , đơn đặt_hàng của chúng_tôi đã bị lãng_quên và chúng_tôi phải hỏi sau khoảng 15 phút khi nó biến mất trên màn_hình . sau khi nhân_viên không thân_thiện đã cho chúng_tôi đơn đặt_hàng của chúng_tôi và chúng_tôi đã đi đến bàn của chúng_tôi , chúng_tôi nhận thấy rằng burger của chúng_tôi đã hoàn_toàn tách ra và một_nửa thậm_chí còn ở trong túi . chất_lượng thực_phẩm là bên cạnh cái nhìn như mcdonald , và không khác lắm với châu âutây mcdonald . bên cạnh đó tôi sẽ không khuyên bạn nên đến nhà_hàng này .",0
e phục_vụ quá tệ,0
noi vui_chơi đẹp,2
"đơn đặt_hàng có_thể được thực_hiện trên màn_hình lớn ở lối vào . điều đó thật mượt_mà , nhưng bên trong được quản_lý kém và chỉ có một_vài khách_hàng , vì_vậy tôi phải chờ khá lâu . :khuôn mặt với những giọt nước mắt của niềm vui:",2
thật tốt khi có tầng hai .,2
mayo và nước sốt tỏi rất ngon,1
"điều này có nghĩa là mcdonald , chỉ là mcdonald , nhưng tất_nhiên họ đã đặt các món cơm vào thực_đơn , và cũng có đồ uống vui_nhộn",1
gà ở đây rất ngon,2
ngon . đáng tiền,1
bố_trí ô_tô chạy vòng mua hàng_không tiếp_xúc ... rất ok,1
được rồi,0
mua burger combo for 3 nhận về toàn gà . lừa_đảo thiệt,0
"thức_ăn ok , nhanh , nhân_viên phục_vụ tốt . tuy_nhiên nhân_viên order mặt rất thái_độ . hỏi và trả_lời rất khó ưa , nhìn mặt không cười nổi 1 cái với khách_hàng . bước vào cửa thì quầy order là nơi tiếp_xúc đầu_tiên đã gây mất thiện_cảm nên ăn trưa cũng không ngon nổi . cứ như tôi mắc nợ anh ta cái gì . trong lúc order rất vắng khách , chỉ có tôi thì không lý gì anh ta lại tỏ thái_độ mệt_mỏi và khinh_khỉnh như_thế . no reccommend",0
các nhân_viên lười_biếng vào ban_đêm và không được vệ_sinh,2
dịch_vụ tốt . bạn có_thể tìm một món ăn nhanh cho bữa đêm không biết ăn gì,2
đệp và ok,1
"giá_cả hợp_lý nhất , nhưng gà rán vẫn không ngon , nó có_thể là do bột mì",2
món ăn_ở mcdonald tphcm so với ở hà_nội thì bên tphcm ngon hơn và có nhiều chi_nhánh mcdonald hơn và nhân_viên tốt hơn nhưng hà_nội thì cụng khá là ngon nhưng nhân_viên và bảo_vệ hơi tệ chút . mà vị_trí dễ tìm và cũng rất đẹp .,2
dịch_vụ không tốt,0
chô ngôi không_gian qua tốt,1
các nhân_viên thật dễ_thương và mac morn cũng rất tuyệt_vời,1
tạm được ở khâu không_gian . hệ_thống order phiền_phức có cảm_giác bị lừa,2
không_khí trong quán mùi lắm .,2
"chỉ có một mcdonald ở đây ở hà_nội , vì_vậy nó quá ồn_ào và ồn_ào . xin lưu_ý rằng các em bé đến và chơi .",2
"dịch_vụ quá chậm , tôi tên nguyễn_hương giang , hôm_nay khoảng 14h ngày 22 2022 có đến mac donald hồ gươm 2 p hàng bài hoàn_kiếm hà_nội , gọi combo 179k 1 chai nước_lọc dasani , 1 sữa th true milk , 1 ngô tách hạt tổng 278k , trả tiền_mặt sau khi oder trên bảng thì được số xếp_hàng là 82 , trả tiền xong , được số 182 , nhưng tôi chờ mãi không có số 182 trên bảng trả đồ_ăn , tôi hỏi nhân_viên thì họ cau_có nhăn_nhó , bảo ... chờ , chờ đi tôi thấy rất nhiều số , người đến sau tôi , đã ăn xong , đi về , thế_thì mac donald cho_phép chen cả người sau lên người trước , đồ_ăn combo 179k thì cắt xẻo , ăn_bớt , thiếu cả khoai_tây chiên , thiếu cả 2 cốc coca co la của tôi . mac donald có camera rất nhiều , sao tôi có_thể nói_dối , nói sai được",0
"thái_độ nhân_viên dọn_dẹp cực_kì tệ , kêu khách qua chỗ gần tolet ngồi để dọn_dẹp những chỗ khác . bad experience with cleaner when she told us to have a dinner near the wc so she could clean the other place .",0
thái_độ nhân_viên không tốt khinh_thường khách_hàng nói_chuyện thiếu tôn_trọng với khách_hàng,0
nơi tốt,2
"nếu bạn không mong_đợi nó , nó rất ngon nếu bạn mong_chờ nó , bạn đang thất_vọng hahaha kem luôn bằng_phẳng haha",2
"29.05.2021 , order 3352 khoảng 21h hơn , cơm còn sống , gà mặn hơn mọi ngày . chắc do tình_hình covid ảnh_hưởng đến nhà_hàng hoặc thay đầu_bếp mới",0
gần trung_tâm thành_phố,1
không_gian rộng_rãi thương_hiệu nổi_tiếng . chỗ này thuận_tiện hẹn_hò bạn_bè cà_phê làm_việc đối_tác . đặc_biệt tuỳ quán đông nhưng không quá hồn ao như chỗ khác .,1
không có vòi xịt,0
dịch_vụ chất_lượng xấu,0
nơi tốt_đẹp cho trẻ_em thức_ăn,1
địa_điểm đẹp,1
nv phục_vụ chưa tốt,0
"tiện_lợi , nhanh_chóng nhưng hơi bẩn",1
"dịch_vụ rất kém . không có sự hỗ_trợ từ nhân_viên . sau khi đấu_tranh với các máy đặt_hàng , họ chỉ đến và yêu_cầu tôi tham_gia hàng đợi mà không có bất_kỳ sự hỗ_trợ trước nào . và tôi đã phải đợi tổng_cộng 1 giờ cho thức_ăn của mình .",0
mọi thứ đều tuyệt_vời . rất sạch_sẽ và rất ngon . có nhiều món ăn_không tồn_tại ở đức và có những món ăn miễn_phí .,1
thức_ăn tươi đáng yêu,1
mcdonalds khá giống nhau ở khắp mọi nơi . tiêu_chuẩn hợp_lý trên tất_cả tôi tin . dịch_vụ là tốt . một_số mục menu khác nhau một_chút . nhiều lựa_chọn nước sốt hơn . khu_vực nhỏ mặc_dù vậy có_thể trở_nên đông_đúc,2
tôi đã có_thể ăn chậm .,1
"mc donalds nằm ngay vòng xoay điện_biên_phủ , thuận_tiện nhất là tạt xe vào là có ngay bãi giữ xe rộng bên phải . view ở đây khá đẹp , không_gian rộng_rãi rất thoải_mái . tuy_nhiên việc đặt mua khá rườm_rà . hơi mất thời_gian , dù có sự hỗ_trợ của nhân_viên .",2
rất tốt .,1
đồ_ăn có sinh_vật lạ,0
ngon . nhưng pizza nhỏ . bánh_mì kẹp thịt thông_thường nhỏ hơn một món ăn của trẻ_em trong cả nước .,1
phục_vụ chưa nhanh_nhạy,1
tôi đã đi ăn trong cửa_hàng và lấy ra do infi vào cuối tuần .,2
chờ một thời_gian dài,2
chất_lượng nhưng nước_lèo hơi mặn so với khẩu_vị của mình .,1
"đồ_ăn cũng đc , không_gian và người bán hàng mình không thích lắm",2
"quán ok , giữ bill để free tiền giữ xe nha , có_thể chạy xe_hơi vào để order và nhận đồ_ăn như bên nước_ngoài",1
cần kiểm_tra phòng_vệ sinh mọi lúc . không sạch_sẽ,0
dịch_vụ kém để giao hàng . chờ khoảng 3 giờ và lệnh đã sai . có một thứ_tự gấp đôi thức_ăn sai . thật là một nhà_hàng tuyệt_vời,0
"quán làm đơn cho xế rất lâu . gọi tổng_đài , tổng_đài bảo đợi đồ mang ra . đợi 1520p chưa thấy đâu . phải 1 xế trông xe 1 xế vào lấy . nói_chung là tệ",0
khá cuốn_hút trẻ_em,2
việt_nam rất tốt mcdonalds,1
nơi ở trong tình_trạng đáng thương của mùi buồn_nôn bên dưới,0
mong các bạn có_thể tôn_trọng việc dùng đũa,0
"chuỗi kinh_doanh toàn_cầu trả đơn nhầm tên . có biển đề thanh_toán chống dịch nhưng không nhận tiền chuyển_khoản , không nhận thanh_toán momo , không nhận thanh_toán thẻ . nhân_viên có vui_vẻ nhưng thiếu chuyên_nghiệp",0
"khoai mặn , nv cho muối 2 lần , biết mà vẫn đem ra bán cho khách",0
không sao đâu . nhưng các nhân_viên không bao_giờ cung_cấp dịch_vụ bàn khi trả tiền tại quầy .,2
"nó chỉ có_thể được trả bằng tiền_mặt , nhưng thẻ được thanh_toán .",1
"bây_giờ là lần thứ 3 , tôi đã đặt_hàng một cái gì đó từ nơi này và nhận được một_cái gì đó ngắn với tài_xế grab . tôi trả thêm tiền cho một chiếc burger kép và chỉ nhận được 1 pattie . lần thứ 3 bây_giờ . về cơ_bản , họ nợ tôi 105k .... sẽ không sử_dụng chúng nữa",0
"定的外卖 mistook bánh_mì kẹp thịt , và didn đã đưa ra nuggets , f king order . họ đã lừa_dối theo lệnh và đặt một cái gì đó mà họ không đặt_hàng , mặc_dù theo kiểm_tra , nó là đúng . thêm vào đó , họ đã không đặt najets . tôi không khuyên bạn nên đặt_hàng một cái gì đó từ họ",0
bao_bì của bạn chỉ là sự kinh_tởm động_vật sẽ ăn thực_phẩm này bạn cần để thuê những người có_thể làm một công_việc rất đơn_giản mà doanh_nghiệp của bạn có quản_lý rất kém nếu tôi có_thể cho bạn những ngôi_sao tôi sẽ xứng_đáng với 0 sao,0
qua te,0
"tôi đặt_hàng từ mcdonalds khá thường_xuyên sử_dụng ứng_dụng . tôi khá tự_tin chi_nhánh này là một thứ lấp đầy đơn đặt_hàng của tôi . mọi thứ đều tốt ngoại_trừ khoai_tây chiên , thường đến héo và sũng nước . điều này là do khoai_tây chiên được vận_chuyển trong một túi giấy màu nâu kín , hấp chúng một_cách hiệu_quả .",2
"đối_với một nơi thức_ăn nhanh , nó là loại chậm theo quan_điểm của tôi . có_lẽ hôm_nay là một_chút đông_đúc và họ có_thể bị thiếu . đối_với việc tiếp_nhận đặt_hàng , họ đã làm_việc khá chậm , với việc đặt_hàng qua màn_hình hoặc chờ xếp_hàng . ngoài_ra , thực_phẩm là tốt cho giá của nó . tuy_nhiên , bạn vẫn có_thể nhận được một_cái gì đó khác tốt hơn nhiều hoặc thậm_chí với tỷ_lệ lớn hơn ở một nơi khác và thậm_chí cũng có_thể rẻ hơn . với điều đó đã được nói , chất_lượng thực_phẩm là tốt và phần là đủ . phê_bình lớn nhất sẽ là sự sạch_sẽ , mặc_dù . đôi_khi nó có_thể trông hơi cẩu_thả và bẩn . tôi biết rằng các nhân_viên chắc_chắn làm tốt công_việc của họ nhưng đôi_khi , hầu_hết các mớ hỗn_độn được tạo ra bởi khách_hàng chứ không phải do nhân_viên lười_biếng . nhìn_chung , một nơi tốt để lấy một bữa ăn nhanh , thậm_chí nó có_thể không đủ nhanh . sạch ở mức_độ vừa_phải và có chỗ ngồi ngoài_trời nếu bạn không thích không_khí điều_hoà_không_khí .",2
tốt,1
"quán rộng_rãi , giá đắt",2
thái_độ phục_vụ kém,0
"không ngon ,",2
"nhân_viên đào_tạo không chuyên_nghiệp bán hàng toàn giao thiếu đồ_ăn , còn thua mấy cửa tiệm tỉnh_lẻ . chắc không biết đếm số .",0
dịch_vụ ngày_càng tệ,0
không_thể được giao . buzzy và đặt_hàng đã huỷ 5 lần,0
giao hàng xuống,0
"chỗ ngồi tốt , không_gian rông rai , phục_vụ chuyên nghiêp",1
"vị_trí rất đẹp , thuận_tiện . nó nằm ở góc đường hang bai trang thi . tôi nghĩ rằng một trong những con đường đắt nhất . để được hones , tôi không thích thức_ăn nhanh , không_chỉ mc donal hay kfs .",2
bánh_mì kẹp thịt mcdonalds tồi_tệ nhất mà tôi từng có .,0
để khách chờ_đợi lâu,0
một trong những thương_hiệu đồ_ăn nhanh ngon nhất trong những cửa_hàng bán cùng loại,1
hai tầng rất bận_rộn mcdonalds . họ mang đơn đặt_hàng của bạn vào bàn của bạn và thức_ăn rất tươi và ngon và bánh_mì kẹp thịt thực_sự trông giống như những bức ảnh . và nơi này là không tì_vết nhân_viên luôn dọn_dẹp .,1
hoàn_toàn không có cùng hương_vị như ở pháp hoặc anh hoặc quốc_gia khác,0
tôi thích nhiều loại nước sốt của họ . nhưng tôi không_thể tìm thấy menu gạo ở đây,2
"tôi luôn thích mcdonald . ở đây hoặc ở mỹ hoặc các quốc_gia khác , tất_cả đều cho cùng một hương_vị .",1
"họ đang chùng xuống . dịch_vụ này không phải là dịch_vụ mcdonald của đẳng_cấp thế_giới mà tất_cả chúng_ta đều biết và yêu thích . thực_phẩm là tiêu_chuẩn mặc_dù . mà có vị giống nhau . ngoài_ra , hãy cẩn_thận để không gây sốc cho bản_thân trên phích cắm này .",2
"địa_điểm khá thuận_tiện , tuy_nhiên hơi chật",1
nơi tốt . rẻ hơn so với đối_thủ cạnh_tranh của nó .,2
"chúng_tôi đã đi xem nếu nó sẽ giống nhau ở việt_nam . chúng_tôi phát_hiện ra , nó giống_hệt nhau . chỉ lâu hơn một_chút là xếp_hàng , bởi_vì nó là một nơi phổ_biến , và một thứ nữa nước sốt tự_phục_vụ ...",2
"không có nhiều khách_hàng , nhưng nó đã xuất_hiện rất muộn",0
không hợp_khẩu vị,0
nhà_hàng phục_vụ tốt làm đồ nhanh,1
khách đông chờ xếp ha hàng lấy đồ,2
nhân_viên hời_hợt với khách_hàng . khách_hàng hỏi nhân_viên không take care thái_độ khó_chịu khi khách_hàng order,0
"ban lãnh_đạo ngày_càng tệ , chất_lượng đào_tạo nhân_viên ngày_càng kém . khuyến_mãi hời_hợt , lừa_dối khách_hàng . không nhận được khuyến_mãi khi lần đầu tải app như quảng_cáo , khuyến_mãi còn hạn nhưng tự biến mất trên app ghi là không giới_hạn người dùng nhưng nv lại nói ngược_lại . marketing tồi quá",0
"đó là macdonald , không nên đánh_giá . giống nhau mọi nơi . khi bạn đang vội_vàng hoặc đói như ...",0
mcdonalds,2
"oke , gửi xe 10k , đồ_ăn cũng vừa",1
thức_ăn ngon nhưng gián đang chuyển vùng . không chắc_chắn nếu họ thậm_chí có_mặt trong nhà_bếp . ai biết được thức_ăn là vệ_sinh .,0
khá ổn,1
thường_xuyên,2
"quán đông , ngồi cũng không sạch_sẽ vì nó quá đông . xếp_hàng rất mất thời_gian . nên cân_nhắc nếu ăn_ở đây vào cuối tuần , vì vào ăn , như đi đánh trận .",2
không_gian rộng và thoáng,1
hôm_nay con ra mcdonalds rõ là hộp happy meal được tặng zozo mà lúc nhân_viên lại phát quyền sách . lý_do hết zozo,1
"không ngon bằng kfc . vì nằm ngay vị_trí đối_diện sát hồ gươm nên quán khá đông_đúc , ngột_ngạt .",2
"dịch_vụ khách_hàng khủng_khiếp . tôi đã đến đó để đến icecream đêm qua với người phụ_nữ của tôi và đặt mua oreos icecream nhưng các nhân_viên đáng ngạc_nhiên nói rằng họ không có cốc nhựa cho nó chỉ là cốc nhựa cho icecream tiêu_chuẩn . khi tôi hỏi về điều này , họ nói đùa rằng cốc nhựa của tôi ở trong đại_dương . nhân_viên được đào_tạo kém .",0
mcdonalds điển_hình . dịch_vụ tốt là một điểm cộng,1
phù_hợp ăn nhanh,2
phong_cảnh ngôi rất đẹp phục_vụ nhanh,1
"cảm_thấy như tôi phải thử mcdonald , từ một quốc_gia mới nên tôi đã đặt_hàng một_vài món đồ , nó chắc_chắn là khủng_khiếp so với tây mcdonald . tôi không biết những gì bên trong những người việt_nam này là cốm nhưng nó chắc_chắn không phải là thịt gà",2
quán mở_cửa 247 tới đây quán đóng_cửa mà trong khi đó trên google vẫn ghi mở_cửa,0
"đồ_ăn ngon , có máy order tự_động . phục_vụ rất nhanh . nhân_viên thân_thiện tận_tình",1
"rõ_ràng không có hoa_văn , thực_phẩm là bình_thường nhưng nơi này bẩn và rất hôi_thối , tôi chưa bao_giờ đến một mc donalds hôi_thối , ngay cả ở new york trong những khu_phố tồi_tệ nhất với những người vô_gia_cư , tôi đã đến một_số mc donalds ở sài_gòn và rất sạch_sẽ liên_quan đến nhân_viên , được rồi , chỉ cần cải_thiện việc_làm sạch và mùi hôi_thối",0
thái_độ phục_vụ của nhân_viên quá tệ,0
môi_trường tốt,2
lừa_đảo chúng_tôi muốn sử_dụng các phiếu giảm_giá rất hợp_lệ của chúng_tôi và họ đã làm cho nó hoạt_động cho chúng_tôi . chúng_tôi đã tính_toán trong nhiều giờ và nỗ_lực rất nhiều vào nó . rất không chuyên_nghiệp,0
tuyệt,2
"ngày 2.4 mình có đến đây dùng_bữa , khi vừa bưng đồ_ăn lên lầu , mình có để đồ_ăn xuống , không hiểu lí_do gì , do mình khác người hay mình làm gì sai , có 1 bạn nhân_viên , cứ đi_qua_đi_lại liếc liếc nhìn mình , 3 4 lần như_vậy , làm cảm_giác nhưng mình đến ăn_làm bạn đó khó_chịu vậy , theo mình nhớ bạn nhân_viên này nhuộm tóc màu tím hay xanh tím gì đó . mong là lần sau đừng có liếc khách_hàng .",0
"đó là nơi rẻ nhất cho cà_phê nóng châu_âu không quá tệ . thực_đơn là bình_thường đối_với mcdonald châu_á . thật không may , matcha latte chứa đường và họ không_thể tách nó ra . ít_nhất họ vẫn có khoai_tây chiên không hợp_lý tốt , và thịt bò và salad . các nhân_viên lịch_sự , thân_thiện và nói tiếng anh . nơi này sạch_sẽ nhất có_thể với thói_quen của người việt_nam để tạo ra một mớ hỗn_độn , thả và để lại rất nhiều rác ở bất_kỳ quán cà_phê nào . các nhân_viên làm sạch nơi cả ngày qua . một lần , chúng_tôi đến quá muộn cho hot latte khoảng 11 giờ tối , nhân_viên đã được dọn_dẹp và đóng bộ_phận mccafe bằng máy pha cà_phê .",1
cả cửa_hàng chỉ có 1 nhà_vệ_sinh luôn trong tình_trạng kẹt . quá tệ,0
"tôi thích mcnugget của họ và họ có thực_đơn đặc_biệt cho gạo gà rán , với nhiều lựa_chọn nước sốt hơn nhưng thức_ăn nhanh chưa bao_giờ là thứ tôi thích ở hà_nội vì có rất nhiều lựa_chọn tốt hơn lành_mạnh hơn nếu bạn kiểm_tra các đường_phố quý . nhưng bạn muốn cắn một miếng ở đây , tôi khuyên bạn nên kiểm_tra lotteria , một thương_hiệu khác của hàn_quốc với món gà tuyệt_vời .",2
fastfood .,2
"dịch_vụ tốt , thức_ăn ngon",1
"đó là một nơi điên_rồ . so với số_lượng khách , phòng tắm quá chật_chội .",2
"vị_trí đắc_địa nên quá đông , món ăn cũng tương_tự kfc , lotte",0
việc lựa_chọn đồ_ăn hơi khó đồ_ăn thì tạm tạm nhưng sạch_sẽ,2
"tôi đến ăn sáng , và tầng hai đã đóng_cửa . lần đầu_tiên đến khai_mạc , nhưng lần thứ hai lúc 830",2
"tôi đặt mua , 4 cái big mac và 4 đùi gà lẻ , có hỏi trước nhân_viên bán hàng có được 4 đùi k , nhân_viên báo 2 đùi , 2 má đùi , tôi ok . vì nhà_trẻ con , đứa nào cũng đòi ăn đùi . mua về nhà mở ra 3 cái ức gà và 1 cái đùi . nếu không được thì ngay từ đầu phải nói với khách . để tôi biết tôi ăn món khác . chứ bán hàng xong rồi giao vậy khác_nào lừa_đảo khách , đã hỏi rõ_ràng hỏi_đj_hỏi lại 3 lần . lần sau không bao_giờ mua quán này nữa . quán nên coi lại cách trả_lời khách_hàng của nhân_viên . nếu không được thì nói là không được .",0
"địa_điểm cúng khá đẹp thoáng mát , đô ăn cúng ngon .",1
nhân_viên tốt và thân_thiện,1
y thuc bao ve suc khoe va phong benh covid rat tot va co trach nhiem .,1
"giống như bất_kỳ cửa_hàng mcdonald nào khác trong thành_phố , họ có thiết_kế nội_thất hoàn_hảo , bánh_mì kẹp thịt ngon nhất với thịt bò ngon ngon và dịch_vụ chuyên_nghiệp cùng với thái_độ của nhân_viên tốt_bụng . làm tốt lắm",1
ngớ_ngẩn,1
"nhân_viên rất nhiều mà toàn làm_việc riêng . không hướng_dẫn khách mua hàng chỗ nào , thanh_toán ra sao để khách đợi một lúc lâu mới có người ra hỏi ... chán cho 1 thương_hiệu toàn_cầu .",0
dịch_vụ ok . thực_phẩm tầm_thường,1
"trong trường_hợp cực_kỳ cần đối_với người phương tây , nó không bị tổn_thương",2
duy_nhất ở hà_nội,2
"tầng thứ hai luôn ẩm và không_khí xấu và mùi kỳ_lạ . do vị_trí , nó luôn_luôn đông_đúc . khách_hàng không tự vứt rác , vì_vậy họ không hiệu_quả , họ cần nhân_viên để dọn rác từ khách_hàng trước mặt họ để ngồi xuống . việc đặt_hàng và đón được tự_động_hoá nên nó trơn_tru . các nhân_viên làm_việc chăm_chỉ .",2
"thực_đơn địa_phương có sẵn . mayo và nước sốt có_thể được khai_thác trên nhà_tài_trợ , điều này cũng rất thực_tế . chất_lượng thực_phẩm không may vì_vậy lala . vì_vậy , khoai_tây chiên có vị như ấm lên từ ngày hôm trước .",2
mọi người dường_như là một nơi gặp_gỡ,0
"tất_nhiên là cực_kỳ tốn_kém , nhưng đôi_khi là chuẩn_mực",2
hãy thử tìm một nhà_hàng khác trong khu_vực hoan kiem vẫn mở sau 11 giờ thường rất đông_đúc .,1
"mcdonalds tiêu_chuẩn , hợp_lý nếu bạn bỏ lỡ một chiếc bánh hamburger giá rẻ . khi tôi đi thì trống_rỗng vì du_lịch pandemi vẫn còn bắt_đầu .",2
"không thân_thiện , chậm_chạp , không có nụ cười nhân_viên nào cả lô vàng cũng đang đi bộ xung_quanh trò_chuyện nhân_viên chạm vào điện_thoại_di_động dịch_vụ khách_hàng ở xa nhật_bản",0
không còn cho_phép đỗ xe bên ngoài cơ_sở . tất_cả các bãi đậu xe khác chỉ trả tiền và nhiều hơn một khối đi bộ từ vị_trí . sẽ không đến đây gần như nữa . nhưng đó có_lẽ là một điều tốt .,0
quá nhiều người và quá ồn,2
nhận được đơn giao hàng ở xa gọi điện đến chốt đơn đỡ mất thời_gian chờ_đợi lấy đơn thì nhân_viên từ_chối nhận đơn qua điện_thoại . phục_vụ quá kém,0
"khách đông , nóng , phục_vụ món nhanh",2
như thường_lệ ...,2
tuyệt_vời,1
"nó chỉ là một mcdonald . mcspicy rất ngon , hãy cẩn_thận",2
"quán mát_mẻ rộng_rãi , trưa ngày t6 vắng khách . ngồi 5p có 3 người bán hàng dong đến bán chả mực , vé_số . bánh_canh càng cúm có 1 cái càng bẻ sẵn 2 3 viên chả , 1 miếng đậu_hũ . chất thịt cúm khô , came giác không tươi . nước_lèo bánh_canh như nói_chuyện lèo bún mắm cảm_quan cá_nhân mình thấy không ngon .",2
hàng đợi dài . rất đông_đúc . thực_phẩm là một_chút dưới mức mong_đợi .,1
"dịch_vụ chậm , quên bánh burger của tôi theo thứ_tự mang đi , nhà_hàng bẩn_thỉu .",0
"thức_ăn ở đây ấm hơn thực_phẩm , dịch_vụ thức_ăn ngon và khoai_tây chiên , filletofish và gà nugget thực_sự tốt",1
"mcdonald , vị_trí thuận_tiện thông_thường",2
"ăn cũng ổn , là điểm mở đầu_tiên tại sg , khơi_gợi lại hương_vị xa sưa từ hồi sinh_viên nghèo hay ăn_nói chung cảm_giác bánh bé đi nhiều so với trước_kia đã ăn , lâu_lâu vào ăn cũng được",1
"nếu đây là mcdonalds , trong đó hà_nội phải có , thì đó là một nhánh quá nhỏ . và vị_trí này đầy chiều chủ_nhật chất_lượng là trung_bình đến xấu .",0
quá đông_đúc và lộn_xộn,2
mango và sữa_chua dứa chủ_nhật rất ngon,1
"không hiểu sao , không ngon như bên nga hay bên singapore",2
medium big mac 89.0 đồng medium big mac đặt mua burger lớn mac một mặt_hàng . mang nó khi bạn ngồi . hương_vị giống như big mac .,1
quán quá tê tham tiền mất_dạy,0
"xuống_tay , tôi sẽ chọn mcdonald mcdonald tại việt_nam bất_cứ ngày nào về những gì chúng_tôi có ở singapore . con gà cay rất giòn và rất ngon , tôi đã có kế_hoạch sắp_xếp lại nó nhưng sau đó tôi đã chọn món gà không cay mà không phải là mark . rất hài_lòng với ưu_đãi của burgers và chicken mcdonald . sẽ trở_lại hy_vọng",1
"lần thứ 2 mình nhận đơn thiếu rồi nha . đặt gà mà không có gà , chỉ có khoai_tây thì ăn sao đây mcdonalds dakao",0
rất ngon,1
ngồi ăn ngắm bờ hồ,1
mình thuong mua drive through mang về nhưng toàn bị gói thiếu . tổng_cộng 3 lần . hôm_nay mua happy meal thì thiếu hambuger . gọi điện thì không bắt máy .,0
mất quá nhiều thời_gian chỉ có khoai_tây chiên khác đến sau khi tôi được phục_vụ trước tôi .,0
hơi ồn_ào vì có nhiều trẻ_em,2
vị_trí tốt nhưng dịch_vụ khá chậm,2
pho burger không ngon lắm,2
"thanh_toán chuyển_khoản xong , máy báo lỗi không ra hoá_đơn cửa_hàng không hoàn tiền mà bảo chuyển_khoản thêm lần nữa rồi nói sẽ hoàn tiền sau , và đến hnay là 1 tuần chưa hoàn tiền cho số đt nhưng gọi không bắt máy",0
"bẩn_thỉu . vị_trí tốt , một trong số_ít hơn 5 . gần hồ hoan kim .",0
phục_vụ tệ,0
"thực_đơn gạo của mcdonald , việt_nam , không ngon . gạo không đủ tốt để để gạo nó không phải vì nó là một loại gạo bay nếu bạn ăn menu gạo , nước sốt là nước_mắm tỏi vui_lòng sử_dụng nước sốt thịt nướng lý_do điểm_số thấp là đây là điên_rồ hơn đường_phố của hà_nội đến một cửa_hàng khác aa",0
khá đắt nhưng rất ngon,1
"đồ_ăn ngon , phục_vụ nhanh . mở_cửa 2424",1
thuận đường . có bãi ô_tô rộng_rãi . vị_trí đẹp,1
mcdonalds duy_nhất ở hà_nội .,2
và tôi thích nó .,1
kinh_nghiệm tuyệt_vời và bầu_không_khí .,1
mcdonalds . vị_trí,2
mcd điển_hình của bạn sửa_chữa ahaha,1
"không được phục_vụ món ăn_theo yêu_cầu rất nhiều lần , cảm_giác rất khó_chịu",0
"dịch_vụ khủng_khiếp . 15 phút cho 3 mcmuffins , một băm nâu và đồ uống",0
đắt,1
nhà_vệ_sinh bẩn quá .. cần xem_lại ok,0
"ngon , nhiều đồ khuyến_mại đặc_biệt cho trẻ e .. đôi_khi hơi bất_tiện vì đông quá",1
đông . đăt . sang chanh phong trao,2
mcdonald đẹp trong thị_trấn nơi gần như tất_cả những chiếc xe_đạp lớn tụ_tập để khởi_hành,1
"khi oder tại máy mình có hỏi nhân_viên là xuất hoá_đơn rồi đem voucher tặng burger đến quầy áp_dụng đúng kh , chị nhân_viên đó bảo dạ . nhưng khi mình đem đến quầy thì chị nhân_viên khác lại bảo là không áp_dụng cho mình , nhưng voucher kem thì được làm_việc chán :mặt nhếch mép:",0
"buồn ơi_là buồn . burger thì không có 1 cọng rau , miếng phomat thì chảy xệ , miếng bánh kẹp thì xốp bóp phát là vỡ . khoai_tây chiên thì yểu xìu . nói_chung là lần đầu_tiên ăn lại sau hơn 9 năm thì mcdonald vẫn tệ như ngày nào .",0
"đã dặn không lấy đùi cũng bỏ cái đùi vô . đã vậy còn đưa 3 gói tương cà không có tương_ớt , gần 12h đêm fai vác cái chén đi xin hàng_xóm trọ ít tương để ăn . 3 sao là hên rồi . đơn hàng số 139 mua lúc 23h2023h30 tại mcdonald điện_biên_phủ . ăn mình tức muốn trào đờm .",2
"burger ngon , gà rán ok",1
nhân_viên nhiệt_tình,1
"tôi luôn sử_dụng dịch_vụ go through take away 247 service . dịch_vụ tốt , nhân_viên tư_vấn nhiệt_tình và gần_gũi .",1
đẹp . phuc vu nhanh,1
"nhân_viên ngay quầy shipper rất là khó_chịu , đưa nhầm đơn cho shipper còn nói rất là ngang tàn cô gái đeo kính tròn .",0
"có báo với nhân_viên là trên lầu rất nóng , nhân_viên nghe rồi dửng_dưng bỏ đi . trong khi bên ngoài mưa còn mát hơn trong nhà .",0
"mình đi ăn_ở đây cũng mấy lần rồi , hôm_nay đi ăn mình có mặc đồ hơi bần một xíu , lúc ra về mình có lỡ đá trúng cái bảng cấm do đang nch với chị đi cùng mình , mấy bạn nhân_viên thấy mà không có ai_lại hỏi_han gì hết , mấy bạn đứng đơ ra luôn , mình cũng đơ luôn 5s rồi tự nhặt lên đưa lại bạn nv , bill mình ăn cũng không có bao_nhiêu hết mà thái_độ quá tệ , sẽ không có lần nào mình đi ăn tại mc donalds nữa , thái_độ nhân_viên quá tệ",0
bắt tài_xế đứng trờ ngoài đường . tài_xế cũng là khách_hàng,0
các máy làm rối_tung bất_kỳ tuỳ chỉnh bạn thực_hiện . điều này đã xảy ra nhiều lần vì_vậy tôi đã rời khỏi đây vì quá nhiều thời_gian và công_sức .,0
chất_lượng thực_phẩm khủng_khiếp . vô_cùng ồn_ào . nhà_vệ_sinh ướt và bẩn . không_thể tin rằng mc donald có_thể là điều tồi_tệ này không có lý_do để ở đây một lần nữa .,0
"đã thử mcdonald ở nhiều địa_điểm trên thế_giới , đó không phải là một người hâm_mộ của những người ở việt_nam",2
phục_vụ tốt,2
phải đi lên tầng 2 để tìm một chỗ ngồi . chúng_tôi chỉ ở lại chỗ ngồi vỉa_hè vì tôi không thích đi lên cầu_thang,2
nơi có thiết_bị_đầu_cuối tự_phục_vụ . các nhân_viên biết cách nói tiếng anh và bạn có_thể yêu_cầu thực_đơn được viết bằng tiếng anh .,1
"ngồi trước có mùi hôi kì_lạ , đã 2 tuần vẫn chưa khắc phụ .",0
"tôi không phải là một fan hâm_mộ lớn của fastfood nhưng tôi cho rằng thực_phẩm ở đó tốt hơn ở lotteria hoặc jolibee . tuy_nhiên , nếu bạn ở đó và muốn rửa tay hoặc vào phòng_vệ sinh , hãy lên tầng 2 , không có bất_kỳ nhà_vệ_sinh nào ở tầng 1",2
nó không sang_trọng,0
"nhân_viên không nhiệt_tình , đã dăn không lấy sketchup nhưng vẫn lấy , phản_ánh lại thì nhân_viên dửng_dưng . keo_kiệt khi chỉ đưa 1 chén nhưa đưng gia_vị . thức_ăn mắc nhưng không ngon",0
coi_thường tài_xế ah,0
"thức uống được ,",1
"nhân_viên ăn_nói mất_dạy . vui_lòng xem và dạy lại nhân_viên . chuỗi của hàng quốc_tế , đừng cư_xử như người vn .",0
"gia_đình chúng_tôi đã ra_lệnh cho mcroyal , khoai_tây chiên , than_cốc , gà rán và gạo . thức_ăn không sao , nhưng sau đó cả gia_đình đã bị ngộ_độc thực_phẩm và đã ra ngoài trong nhiều ngày . chỉ là khủng_khiếp .",0
ăn nhanh và kem ok cafe thì không ok lắm,1
"có một_số nước sốt mcnuggets , vì_vậy bạn có_thể tự mang nó đến và ăn nó . mcdonalds , không khác gì ở đây macwing là ㅂㄹ",2
hà_nội duy_nhất của mcdonald . hàng dài,2
"nhân_viên ngoan , không_gian sạch_sẽ , yên_tĩnh , gần trung_tâm khu đi bộ rất thuận_tiện cho việc đi dạo phố cuối tuần .",1
"đồ_ăn ngon , khách đông nên phải xếp_hàng chờ mua rất lâu , chỗ ngồi hơi chật_chội .",1
nhà_hàng rất rác tôi đã đặt_hàng lấy trước 2 giờ nhưng họ vẫn không gửi bánh burger của tôi và họ không nhận được bất_kỳ liên_hệ nào,0
"mới và sạch_sẽ mặc_dù đôi_khi quá đầy_đủ với các nhân_viên hữu_ích cố_gắng hết_sức để giữ thời_gian chờ_đợi của bạn càng ngắn càng tốt . không có sữa lắc không may . cà_phê là thú_vị , đáng ngạc_nhiên . thức_ăn được nấu để đặt_hàng và nóng .",2
desgusting,0
"đồ_ăn ngon , thu_hút nhiều khách du_lịch và trẻ_em",1
cắn nhanh ở đây,1
"tuy_nhiên , so với các nhà_hàng việt_nam , thật đáng tiếc khi có một_số điểm nhờn .",2
"mcdonald ở hà_nội , việt_nam . nó có vị gần như giống như mcdonald ở nhật_bản , nhưng có một kiểu gạo phổ_biến đối_với mcdonald ở đông nam á . gà là giòn và đủ ngon_ngọt . gạo là một_chút của một_chút một_chút của một_chút một_chút của một_chút một_chút của một_chút một_chút của một_chút khoai_tây chiên , cốm gà và bánh_mì kẹp thịt có_thể nóng trong hương_vị thông_thường của chúng . có chỗ ngồi trên tầng hai , vì_vậy nếu bạn may_mắn , bạn có_thể tìm thấy chúng . hơn_nữa , vì việc đặt_hàng được thực_hiện thông_qua một bảng điều_khiển điện_tử , sẽ khá khó_khăn nếu bạn không_thể quen với nó .",2
"đồ_ăn cũng chấp_nhận được , vị_trí thuận_tiện cho mua mang đi",1
khi bạn mệt_mỏi bằng cách chuyển vùng ....,1
trung_bình,2
rất không chuyên_nghiệp trong việc cung_cấp . không nên đặt_hàng bằng cách sử_dụng giao hàng tại mcdonald vn . tôi đã đặt_hàng và chờ_đợi gần một giờ mà không có bất_kỳ thông_báo nào cho sự chậm_trễ từ mcdonald trong khi nó nói rằng trong thời_gian giao hàng là tối_đa 30 phút . đã gọi cho họ sau 45 phút để giải_quyết nhưng tôi vẫn phải đợi gần 20 phút sau đó để có được oder của mình,0
"cơ_sở phải được mở 247 . chúng_tôi đến từ một thành_phố khác , chúng_tôi muốn uống cà_phê lúc 5 giờ sáng . chúng_tôi đã bị đuổi ra và nói rằng họ sẽ dọn_dẹp đến 7 giờ sáng .",0
ăn đao bụng 10 lần như 1 . mà thèm nên vẫn ráng ăn,2
ai có_thể tìm thấy sự khác_biệt ..,0
"việt_nam là một quốc_gia hào_phóng trong việc hút thuốc , nhưng có những sinh_viên đại_học hút thuốc trong nhà ... nhân_viên không kiềm_chế .",2
"nhân_viên đông nhưng thái_độ phục_vụ ncl , coi_thường khách_hàng .",0
hãy làm điều đó cứ sau 2 tháng .... điên_rồ cho cuộc_sống của tôi .... không_thể chịu_đựng được nếu các con tôi vẫn thích nó tiếp_tục đứng,0
bạn tôi và tôi đã bị ngộ_độc thực_phẩm nghiêm_trọng ngay sau khi ăn_ở đó . thức_ăn phục_vụ vệ_sinh lạnh và xấu trong nhà_bếp . tránh nơi đó .,0
cần cải_thiện hơn về dịch_vụ . nhanh_chóng và chính_xác phải được ưu_tiên .,0
mấy anh bảo_vệ không được thân_thiện,1
sạch_đẹp phục_vụ ok nhưng sao gà mặn quá:mặt nhăn nhó::mặt nhăn nhó::mặt nhăn nhó:,2
toilet quá hôi,0
"đó là mac làm . dịch_vụ là tuyệt_vời . chúng nhanh và hiệu_quả . tôi không tìm thấy nữa . sau đó , đó là mac làm . không có gì đặc_biệt để nói .",2
không_khí hơi nghèo ...,2
đó là một nơi gặp_gỡ tour du_lịch và tôi đã đi vào một lúc và mua nước đóng_chai .,2
"đồ_ăn ổn , tuy_nhiên quán đông , chờ_đợi rất lâu",2
nghèo và không trở_lại,0
em thích chị phục_vụ quá,1
"ch đầu_tiên ở vn , đến nay vẫn đông . mình hay ghé ăn muffin và hashbrown . có_thể tự thanh_toán qua màn_hình nên mình thích .",1
"vị_trí đẹp , phù_hợp với những sự_kiện đội nhóm .",1
wc chưa sạch lắm,1
"lúc mình đi là giao_thừa nên có_thể vì_thế nên ít nhân_viên . tự đặt món ở màn_hình cảm_ứng , nhưng do lần đầu làm , lại không có nhân_viên gần đó hỗ_trợ nên hơi bị bối_rối . chỗ ngồi cũng không có người dọn_dẹp nên hơi dơ .",2
ngon . rộng_rãi có khu vui_chơi thiếu_nhi ở trên lầu .,1
"khu này đồ_ăn ngon , mỗi_tội có cái cống hôi ăn mất ngon .",2
"địa_điểm khá tốt , chỗ để xe rộng , món ăn_uống khá ok",2
làm không chuyên_nghiệp,0
"nó rất sạch_sẽ , rộng_rãi và đẹp . tất_nhiên , nó cũng ngon , quá .",1
vị_trí tốt,2
"món ăn và dịch_vụ đạt chuẩn , nhà_hàng đông khách , náo_nhiệt thích_hợp cho gia_đình",2
đồ uống giá hợp_lý,1
ghé thăm một người vợ yếu_đuối trong thực_phẩm địa_phương . bánh_mì kẹp thịt quá khác nhau .,2
tôi đã đặt nó bằng một chiếc găng_tay nhưng nó đã bị bỏ_qua trong một thời_gian dài .,0
"trụ_sở mcdonalds tại việt_nam mcdonalds tại việt_nam có_mặt tại hơn 118 quốc_gia với chuỗi 35,0 nhà_hàng tại khắp các châu_lục , mỗi ngày , mcdonalds toàn_cầu phục_vụ hơn 70 triệu người tiêu_dùng , không_chỉ đảm_bảo mang đến cho họ những bữa ăn ngon , an_toàn vệ_sinh , mà_còn làm họ hài_lòng với dịch_vụ của mcdonalds .",1
tôtf,2
hãy đến với chuyến đi của bạn,2
địa_điểm hút khách nước_ngoài và trong nước . đồ_ăn cũng tàm_tạm,2
view triệu đô . đồ_ăn tươi ngon . khách nước_ngoài ủng_hộ nhiều .,1
yêu nó,1
đó là một mcdonald thường_xuyên .,2
xem_ra cho tổn_thương đường ruột vệ_sinh để xem_xét nghiêm_túc .,0
quá tệ ngoài cái mác mcdonals,0
siêu đông_đúc trong bữa trưa thứ_sáu,2
ném ra rác ngay tại một vị khách . anh ấy bốc mùi rất nhiều thúc_đẩy sự thèm ăn,0
không bao_giờ bỏ tương_ớt vào cả,0
ẩm_thực địa_phương ngon hơn,2
không được quản_lý tốt . chuẩn_bị tối và chậm thực_phẩm . chất_lượng thực_phẩm dưới mức trung_bình một_chút .,2
"nhân_viên phục_vụ và quản_lí điều tệ , không quan_tâm khách , không có dụng_cụ ăn_uống dành cho khách ngồi tại_chỗ , khu_vực để tương không sạch_sẽ .",0
tôi phải chờ hơn 1h để được phục_vụ phần mà tôi đã thanh_toán,2
bảo_vệ thu thêm tiền gửi xe . mà kp khách nào cũng thu . có_thể là biển tỉnh_lẻ sẽ thu thêm,2
"cụ_thể là ngày 187 13h15 mình đi ăn 1 mình nên có ghé vào , bill mình có 2 miếng gà cay không xương và chỉ được đưa 1 miếng lúc mình ngồi vào bàn mình mới phát_hiện và hỏi lại nhân_viên , nhân_viên chỉ cầm lấy_rồi vào bếp hỏi hỏi gì đó . đợi khoảng 10 p thì nv chạy ra đưa mình thêm 1 miếng nữa và không có 1 lời xin_lỗi nào d , ngoảnh mặt vào trong luôn chứ không thèm nhìn tới mình đó h mình đi ăn mcdonalds nhiều rồi nhưng đây là lần đầu ăn_ở chi_nhánh này , tệ bạn đó hình_như đeo mắt_kính , hơi mập .",0
có rất nhiều khách_hàng nó rất ngon,1
"ngày cuối tuần rất đông , nhưng đồ_ăn ra vẫn rất nhanh nhé đồ_ăn rất ok .",1
"burger tạm ổn nhưng cơm bò , cơm trứng thì dở tệ , ngọt ngọt như ăn chè xôi ấy hic",2
"tài_xế đến lấy hàng trời mưa hay nắng cũng không cho vào lấy , bắt lấy hàng đề_nghị xem_lại thái_độ của quán với đối_tác giao_nhận",0
giống như bất_kỳ macca nào ở úc . chỉ không có bánh táo,1
"không có chỗ đỗ xe , khách phải đi gửi xe chỗ khác .",1
"họ đã miễn_phí thịt xông khói thịt lợn trong salad , tôi là người hồi_giáo vì_vậy ..",2
"lần đầu_tiên đặt qua grab ở cửa_hàng này , thất_vọng tràn_trề . giao thiếu hẳn 2 hambuger và 2 nước_ngọt . liên_hệ lại quán bảo đợi 1 chút mà đợi đúng 1 tiếng rưỡi , đợi hết cả giờ ăn trưa . lúc gọi khiếu_nại thì không gọi được luôn . đúng lúc đó có 1 anh grab khác mang đồ thiếu tới gọi cho mình thì giao nhầm địa_chỉ . nhà 4a thì nhân_viên bên cửa_hàng đặt grab là nhà 44 , mình nhận đồ_ăn còn combo nghe cả anh grab càu_nhàu đến cửa_hàng phải đợi 20p rồi lại còn đặt sai địa_chỉ . mà trên phố đi đường 1 chiều chứ , quay lại đâu phải dễ . mình thì nhận đồ_ăn cũng không còn thời_gian ăn , chỉ muốn ném vào mặt nhân_viên bên đó cho nó bớt ngáo . ức_chế không tả nổi .",0
làm đồ_ăn rất nhanh .. tốt,1
"chất_lượng phục_vụ quá kém , hôm_nay tôi đặt bữa sáng mà nhân_viên lại đưa kem trước , đứng đợi tới kem tan chảy ra_tay vẫn chưa đưa nốt những đồ còn lại , cũng kệ đấy không đưa giấy_ăn cho khách . mc muffin cũng quên đưa muối và tiêu cho khách , vấn_đề này nói bao_nhiêu lần rồi mà lần nào cũng quên . lần trước tôi đã mắng cho_rồi tôi nghĩ họ sẽ không quên nữa , ai_ngờ đem đồ về mới biết là đưa thiếu . nói_chung quá thiếu chuyên_nghiệp .",0
không đăt đơn cho khách . nhân_viên khinh người,0
nhà_hàng mc donald được mở đầu tiên,2
hồ hoàng kiếm,0
đi toilet vô cái toilet gọi là kinh_tởm chứ không phải kinh_khủng nữa . nó dơ nó khaii ra tới khu_vực ngồi ăn gần đó . rửa tay_trong toilet của cửa_hàng lớn mà tưởng đi nvs bỏ_hoang . doanh_thu biết_bao_nhiêu mà không thuê nổi 1 lao_công . nửa năm nay lần nào đến mà quên mang giấy ướt là y_như_rằng,0
đồ_ăn bình_thường,2
món ngon,1
"poppy tốt . chúng_tôi đã ở các quốc_gia khác nhau đây là một trong những quốc_gia sáng_giá nhất . sạch_sẽ , mọi thứ được loại_bỏ . có một bãi đậu xe cho xe_máy . thịt trong bánh_mì kẹp thịt là một trong những món ngon nhất . không ợ nóng",1
máy_điều_hoà không_khí có_thể mạnh hơn không,2
nhà_hàng gà gán rộng_rãi xe oto có_thể mua hàng trên xe và di_chuyển,1
quá đông,2
đông quá nên cảm_nhận khi ăn không được ngon,2
"nó rất đẹp và sạch_sẽ , nhưng đã quá muộn cho đến khi đơn đặt_hàng đến .",1
"có_lẽ là mcdonald chậm nhất mà tôi từng đến . mất 15 phút cho một chiếc bánh táo tôi không nói rằng nó sẽ mất nhiều thời_gian như_vậy . những người khác đang chờ_đợi tối_đa 20 phút cho thực_phẩm tiêu_chuẩn khác . nếu không , đó chỉ là một mcdonald thực_sự .",2
món ăn ngon và thu_hút được sự chú_ý và sự thích_thú của trẻ_em . nhưng không có chỗ ngồi 4,1
thai đô,0
"mỗi lần vào ăn có hoá_đơn thanh_toán mang ra cho bảo_vệ thì ngta vẫn thu tiền tôi cần ban quản_lý sử lý vấn_đề này . tôi không phải người keo_kiệt nhưng cách xin tiền đểu của bảo_vệ ở đây tôi thật_sự không thích , mỗi cửa_hàng khi mở ra sẽ có chỗ để xe cho khách_hàng chúng_tôi để chứ không phải để chúng_tôi vào ăn còn mất tiền thuê chỗ để xe như_vậy",0
"tôi đến lúc 920 tối_ngày 3 tháng 1 năm 2020 và trải_nghiệm dịch_vụ tồi_tệ nhất mà tôi chưa từng thấy trong bất_kỳ thương_hiệu thức_ăn nhanh nào . tầng trệt vẫn rất đông và tầng một . nhưng có_vẻ như các nhân_viên đang thiếu nhà của họ nên họ buộc tất_cả khách_hàng ở tầng một , bao_gồm cả tôi vẫn ăn , đi xuống cầu_thang với một_cách rất bất lịch_sự . sau đó , tầng trệt đã quá_tải lúc 940 tối . vì_vậy , mc . donald rất vui và nhân_viên của họ thích làm_việc kết_thúc bất_kể khách_hàng cảm_thấy gì .",0
rộng và sạch_sẽ,1
tệtài xế đến_nơi cả 30p vẫn chưa làm món chả hiểu quản_lý với nhân_viên thế_nào,0
"vì_vậy , vì_vậy",2
rất chậm . bánh_mì kẹp thịt và khoai_tây chiên có vị như chúng được làm ngày hôm_qua .,0
khoẻ,2
thức_ăn tuyệt_vời . đã đến đó nhiều lần khi ở hà_nội . thức_ăn luôn sẵn_sàng trong vòng chưa đầy 10 phút . chất_lượng thực_phẩm và các phần rất tốt . thức_ăn không đắt . nhân_viên có tiếng anh tốt và rất hữu_ích .,1
"nhân_viên không cười , làm_việc uể_oải đến mua mà cảm_thấy sự chán_nản lây qua món ăn",0
tôi tìm thấy một loại khối_u trong cánh_gà . tôi đã yuck . vị_trí btw tốt gần hồ hoan kiem,0
"nó thực_sự khá có_thể so_sánh với hầu_hết mickey ds của mỹ . xd fancier hơn hầu_hết , quá .",1
đồ_chơi xin đổi 2 cái khác cho 2 bé thì từ_chối đổi . trong khi ở nhà_thờ đức_bà và đường 32 họ vẫn vui_vẻ đổi,0
"quá đông khách , không đủ chỗ ngồi , chỗ rửa tay rất bẩn",2
địa_điểm đông_đúc nhiều người nước_ngoài,1
chất_lượng wifi quá tệ,0
dịch_vụ xấu,0
"lần đầu đến đây ăn , đông khách , hơi ồn",1
nhanh sạch_sẽ rộng_rãi có bãi xe có lối vào dành cho xe_lăn ở cửa phạm ngũ lão quán nằm ngay trung_tâm góc đường trần hưng đạo và phạm ngũ lão,1
nhộn_nhạo quá,2
"mình bảo không cay 2 đùi mà nhi nhận là_là cay , 1 đùi 1 cánh . hamburger không được nóng và có mùi hơi cũ . chỉ được mỗi khoai_tây chiên và nhiều loại sốt chấm",0
"nhiều lần việc giao hàng khá muộn , nhiều như một giờ . chỉ tối nay , ứng_dụng cho biết thức_ăn của tôi đã được giao nhưng không có . bây_giờ tôi sẽ đợi một giờ nữa để lấy thức_ăn",0
đôi_khi đồ uống yếu,2
thuyết_phục,1
đắt vãi,0
"hamburger ngon , khoai_tây chiên không được giòn như mcdonalds mình từng ăn bên châu_âu , giá_cả khá đắt so với thu_nhập trung_bình người việt , quán nằm tại địa_điểm vàng của thủ_đô hà_nội , làm một nơi lí_tưởng cho giới trẻ check in .",2
"gây sốc nhất tôi đã đặt một chiếc burger gà , có một mẫu cắn , không còn nữa . giá không biện_minh cho burger , tôi trả lại món ăn và yêu_cầu trả lại tiền của tôi . sau một cuộc cãi_vã , tôi đã nhận được tiền của mình và lấy đi . chỉ đơn_giản là trong một sự ô_nhục",0
24 giờ được khuyến_khích mở,1
không có gì đặc_biệt,2
"thanh_toán bằng thẻ bị lỗi , gây bất_tiện cho việc thanh_toán . đồ_ăn thức uống hợp vệ_sinh",2
"không chuyên_nghiệp , không hướng dân lấy đồ lên khách phải xếp_hàng 2 lần",0
không có gì đặc_biệt chỉ là thực_đơn của mcdonald cổ_điển,2
làm đồ chậm còn thái_độ với khách,0
"bánh rất nguội , nguyên_liệu rời_rạc mỗi nơi 1 thứ . khi mở bánh ra nước sốt chảy tùm_lum khắp hộp , rau và thịt bị xô lệch . khoai_tây thì nguội_lạnh dù trước đó đã oder với nhân_viên là khoai_tây mới chiên . không hỏi khách_hàng lấy size lớn hay size nhỏ mà mặc_định lấy size lớn cho khách . một nhân vien nữ giao đồ cho khách không thân_thiện . khăn giấy không có sẵn , rất phiền khi phải nhờ nhân_viên lấy dùm 悪い:không thích:",0
đồ_ăn khá là ngon đối_với người_yêu tôi,1
"các nhân_viên có_thể nói tiếng anh và thân_thiện các thực_phẩm nóng và tươi . nơi luôn bận_rộn , và lộn_xộn .. họ cần phải làm sạch nhiều hơn . ngoài_ra , nó nên không có khói bên ngoài nhìn_chung , bạn có_thể đi khắp_nơi vì nó đang mở 247 .",1
"nơi này đã tốt hơn . thiếu nhân_viên gây ra thiếu dịch_vụ đàng_hoàng như rót nước , làm sạch .",2
hồ gươm,1
toilet ở đây thật kinh_khủng,0
"không order được với nhân_viên mà bị yêu_cầu order qua máy trong khi quầy order đang trống , order_qua_máy_lại đông người và chờ rất lâu . thao_tác order trên máy rất bất_tiện so với order trực_tiếp .",0
bà_già gần nhà_hàng đòi_hỏi tiền đỗ xe trên đường,1
nằm trong một khu_vực đàng_hoàng . được lấp đầy với người nước_ngoài trên lầu với tiếng ồn lớn . sàn nhà rất ẩm_ướt và mọi người bị trượt . sự sạch_sẽ không tốt . vui_lòng làm_việc trên nó . thức_ăn ngon .,2
"view đẹp , địa_điểm trung_tâm của hà nôi",1
rất ngon .,1
bánh_mì mac lớn lạnh,0
"nhân_viên rất hiệu_quả , hữu_ích , khu_vực ngồi ngon và lớn để ăn_ở tầng một :ngôi sao phát sáng::ngôi sao phát sáng::ngôi sao phát sáng::ngôi sao phát sáng::ngôi sao phát sáng: vị_trí tuyệt_vời gần khu phức_hợp mua_sắm",1
phóng to kem tan chảy . sữa sheik là một người lộn_xộn ...,0
hamburger rất ngon,1
pos không hoạt_động mọi lúc khi tôi cố_gắng đặt_hàng từ máy tự_phục_vụ .,2
nó rất ngon .,1
dịch_vụ burger được chuẩn_bị tốt và chuẩn_bị không_thể chấp_nhận được ở nhà,0
mc bình_thường .,1
bình_thường đồ_ăn không ngon,2
thich thôi,1
buổi sáng không đông khách nhưng phục_vụ siêu lâu . thái_độ nhân_viên kém . đưa thiếu đồ trong đơn đã đặt . tệ_hại,0
đắt hơn các quốc_gia khác .,0
địa_điểm tốt để ăn_uống nhanh,1
"không_gian đẹp , hiện_đại , món ăn nhẹ ngon , hợp giá tiền để nói_chuyện buổi tối với bạn_bè có 5 loại sốt free , khoai ngon hơn vo với những chỗ khác",1
món ăn cũng bình_thường . giá không quá đắt . được cái vị_trí đẹp nên đi ra hồ gươm ngắm cảnh cũng gần,1
"nhân_viên thiếu linh_hoạt khi tính tiền chậm_chạp , giải_thích trả_lời vấn_đề khách đại_khái",0
một mc làm trong số_nhiều người khác,2
mcdonald ở việt_nam ít ngon hơn đài_loan và giá không rẻ hơn .,0
"bình_thường , lúc này thêm order trên máy_tính nên khách dễ lựa_chọn hơn",2
dạo phố,2
cũng được :mặt cười đầy mồ hôi:,1
"tôi thích mcdeil , nhưng chênh_lệch giá không lớn , nhưng nó cũng vậy . hơn thực_phẩm hàn_quốc . tôi đã rất ấn_tượng khi ăn mcdeur",1
chỉ cần mcdonald hahaha,2
"dịch_vụ chậm , ồn_ào và bẩn_thỉu",0
bánh_mì không giống như các mcdonalds khác và thức_ăn không nóng khi chúng_tôi nhận được . nhưng dịch_vụ rất nhanh .,2
phục_vụ rất nhanh,1
nó có vị ngon hơn hàn_quốc hoặc mcdonald . mặc quần_áo là tất_cả mayonnaise và sốt cà_chua .,0
tuyệt_vời,1
gà rán nguyên_bản cần được phục_vụ trong 30 phút . nó có phải là một_cách thức_ăn nhanh được phục_vụ,1
"bán hàng chuẩn quốc_tế , ăn bằng tay nhưng lại không có chỗ rửa tay tiện_lợi . toàn phải leen lầu , hoặc đi xa , chỗ thì rửa xong lại phải kéo cửa nặng bước ra với_lại bước vào nhà_vệ_sinh hôi cũng tuột mood . không hiểu tại_sao .",2
rất tốt,1
"địa_điểm dễ tìm , đồ_ăn tương_đối ngon.thích hợp cho cả gia_đình hẹn_hò",1
khá ổn,1
mua mang đi hoặc ngồi lại đều có cảm_nhận thoải_mái và tin_cậy,1
"nhân_viên chuẩn_bị món ca tối cực_kỳ khó_chịu , không vui_vẻ với khách_hàng và người giao hàng",0
good food in ho guom,1
cũng được,2
nếu bạn cần sửa_chữa big mac thì ít_nhất thực_phẩm cũng giống như nhà . tốt hơn nhiều so với những nỗ_lực thảm_hại của các vị vua burger ở hà_nội . giá_cả tốt quá .,1
nhân_viên nhiệt_tình,2
"trong quá_khứ , chỉ có hamburger và khoai_tây chiên giống như ở đài_loan . nó hoàn_toàn khác với đài_loan .",1
khuon viên rất rộng thoáng mát_mẻ,2
"quán sạch_sẽ , thức_ăn phong_phú ngon , giá_cả hợp_lý .",2
phục_vụ quá tệ . có trải_nghiệm không tốt .,0
"nhân_viên giữ xe nói_chuyện mất_dạy , vòi tiền khách_hàng",0
trừ_tà . giao_tiếp và thuận_tiện .,1
"khinh_thường shipper , có thái_độ không tôn_trọng khi thấy shipper vào lấy đơn",0
"tôi thích nó khi mùa đông , có những người hâm_nóng , nhân_viên dọn_dẹp những nơi sạch_sẽ , công_việc tốt",1
nhìn view khá đẹp mà chưa có dịp ăn nên chưa biết chất_lượng ra sao,2
"những món ăn quen_thuộc của mcdonalds , nhà_vệ_sinh hơi bẩn ...",2
"không_gian nóng , tiết_kiệm điện_máy lạnh . vô đó cũng đông khách , ăn thì nhớ lấy hoá_đơn để miễn_phí gửi xe .",2
nơi tốt,1
"tiện_lợi ,",1
"đã 24 giờ , vì_vậy đã đến lúc đi ăn kem hoặc các bữa ăn đơn_giản muộn . tôi muốn cho 5 sao cho hướng_dẫn sử_dụng , nhưng mỗi lần tôi phải tổ_chức rác thực_phẩm trên bàn ngoài_trời , có 3 sao .",2
chỗ ngoài mát mẽ rất chill đặc_biệt là buổi tối muộn,2
uống mỗi cốc cà_phê mà bắt đợi lâu quá .,2
"cơ_sở vật_chất xuống_cấp , quá ồn .",0
"mc . donalds ở đây bẩn nhất trong tất_cả nhà_hàng thức_ăn nhanh mà tôi từng_trải nghiệm rác và vết đồ_ăn lăn_lóc trên bàn sau khi khách ăn xong nhân_viên dọn rất chậm hoặc không dọn . ngay từ đầu bước vào tôi đã thấy rất nhiều bàn không được dọn , sau khi gọi món cho tới khi ăn xong nó vẫn nằm trên bàn không biết là nhà_hàng này nhân_viên dọn hay khách tự dọn nhà_vệ_sinh thì nặc mùi khai như kiểu wc trường tiểu_học năm 20 không biết món ăn_ở đây có đảm_bảo vệ_sinh không nữa bài đánh_giá này được viết sau khi tôi ăn xong và tải lên khi vẫn ngồi tại mc donalds dakao không hiểu sao nhà_hàng này vẫn được tổng reviews trên 4 sao khuyên các bạn thích ăn mc donalds nên qua các chi_nhánh khác",0
nó không có gì khác với mcdonald ở nhật_bản . có cà_phê việt_nam không,2
thức_ăn rất ngon và ngon,1
hoàn_toàn không có tổ_chức cá_nhân bị mất trong thời_gian cao_điểm của thời_gian kỳ_vọng bên ngoài mcdo,0
sạch_sẽ và những gì bạn mong_đợi từ một mcdonald,1
giống như ... hương_vị không thay_đổi .,1
một_số thực_đơn là khác nhau . có một_số gạo,2
xuất_sắc .,1
chỉ là như_vậy,2
tôi chỉ ăn mì gạo và hamburger,1
"mcdonalds việt_nam cam_kết áp_dụng tiêu_chuẩn của mcdonalds toàn_cầu , đó là quality chất_lượng , service dịch_vụ , cleanliness vệ_sinh values giá_trị . high quality food thực_phẩm chất_lượng superior service phục_vụ chuyên_nghiệp clean and welcoming environment môi_trường sạch_sẽ và thân_thiện great value for money giá_cả hợp_lý đã trải_nghiệm tại quán và điểm trừ duy_nhất là xếp_hàng lâu quá :khuôn mặt rạng rỡ với đôi mắt cười:",1
nơi cà_phê đẹp,1
tạm được,2
không phải là thời_điểm tốt để đến thăm họ đã xây_dựng trong giờ ăn trưa .,2
phải chờ hơn 10 mới được phục_vụ,0
"đắt , vị phù_hợp với người nước_ngoài hơn là người việt",0
rất tốt . nên ăn_uống tại đây . shipper grapfood rất nhiệt_tình,1
ngắm vui thôi,0
một trong những lựa_chọn hạn_chế về khớp nửa_đêm cho burger ...,1
không_gian hẹp,2
"thực_phẩm giống nhau ở tất_cả các vấn_đề của macd là đỗ xe , có_thể đỗ xe , sau đó không_thể đỗ , trên và trên đó thay_đổi hàng ngày",0
"khi đặt_hàng ở đây , hãy chuẩn_bị cho thực_tế là bạn sẽ không chờ_đợi nhân_viên giúp_đỡ , bởi_vì người việt_nam sử_dụng một nhân_viên duy_nhất làm người phục_vụ , buộc anh ta phải hoàn_toàn đặt_hàng tại điểm tự đặt_hàng và chỉ cho anh ta thấy một ngón tay để nhấn . đây là đáy . tại_sao nhân_viên ở đây không coi_trọng quá nhiều và không làm công_việc của họ một câu hỏi khác . thực_tế là nếu bạn cần giúp_đỡ , nhân_viên sẽ bận_rộn với một_số điều vô_nghĩa",0
quá đông_đúc . phòng tắm luôn là một mớ hỗn_độn .,0
đầy ví của tôi bằng penny . đẹp,0
mcdonald vô_điều_kiện khi đi du_lịch với trẻ_em . hà_nội mcdonald cũng tốt tôi thích bọn trẻ vì tôi ăn sáng và ăn mac buổi sáng tại hoan ki mình lake . cỏ sạch và mac morning ice cream coffee rất ngon,1
"dịch_vụ của mcdonald không tốt những ngày này . nó sẽ phải chờ khá lâu và gây ra lỗi trong sản_phẩm . dịch_vụ này rất tốt và dịch_vụ này tốt trong quá_khứ , nhưng ngày_nay nó khá tệ .",0
nó không khác gì hàn_quốc,2
5 sao,1
quán rộng_rãi thoải_mái matcha trà xanh ổn,1
"tôi đến việt_nam và ăn cà_phê ngon nhất ở đây_đó không phải là một quán cà_phê latte , nó không phải là một quán cà_phê , mà là nó là gì giá rất cao . đây là lần đầu_tiên để ánh_sáng mcdonalds tôi hy_vọng bạn đi ra khỏi đây và có những bữa ăn và cà_phê chất_lượng khác",0
chơ đô ăn qua lâu,0
nhân_viên tốt và dịch_vụ tuyệt_vời .,1
giống như tất_cả các mcdonalds,2
"thức_ăn phù_hợp với những gì bạn mong_đợi từ mcdonald . dịch_vụ này cực_kỳ chậm mặc_dù . tôi đã đi hai lần và một lần nó bận_rộn và lần còn lại có 5 nhân_viên trong bếp và tôi có đơn đặt_hàng duy_nhất trong quá_trình và vẫn mất nhiều thời_gian . ngoài_ra , họ có rất nhiều đặc_biệt được đăng trên ứng_dụng của họ . bạn có_thể quét mã từ ứng_dụng bằng các ki_ốt nếu bạn cũng muốn đặt_hàng tại_chỗ .",2
"một hộp cơm làm hơn 20 phút , làm xót bill quên món cơm chủ_yếu làm ga",0
ngon ...,1
"cũng tốt . đồ_ăn ngon , đợi không quá lâu . gần ngay bờ hồ hoàn_kiếm",1
gọi gà không cay ship gà cay,0
thật tốt khi có loại rác này ở đây sau khi bạn có phở và bun trong 2 tháng .,1
tự_động_hoá,1
"điều này có vị chính_xác giống như trở về nhà ở úc , rất tốt . nhân_viên được tự_do và nói tiếng anh rất tốt , có_thể hơi bận_rộn tuỳ_thuộc vào ngày bạn đi và thời_gian nào , nhưng nhân_viên rất hiệu_quả và di_chuyển dòng rất nhanh , ngay cả trong khoảng thời_gian bận_rộn , tôi chưa bao_giờ mắc sai_lầm với đơn đặt_hàng của tôi rất mới_mẻ .",1
kinh_dị,0
đơn_giản là thức_ăn nhanh tốt nhất ở hà_nội .,1
mua đồ,0
"có rất nhiều người và giá_cả cao nếu bạn không_thể tìm thấy thứ gì đó để ăn , bạn có_thể đến",1
ngon đăt,1
ok sạch_sẽ . cũng bình_thường .,2
trải_nghiệm tuỳ mỗi cá_nhân .,2
thức_ăn sạch_sẽ nhưng dịch_vụ chậm,2
"dạo này thấy gà với đồ_ăn kèm là xà_lách lắc của mcdonalds ngon vl . kem cũng ngon nữa , đặt trên app thì khuyến_mãi cũng nhiều .",1
tôi gọi đê đăt bánh gần 10 cuộc goi nhưng không ai băt may . cung_cách phục_vụ xem thương khach hang quá_sức .,0
yum lol,1
ăn tạm được ...,2
mcd bận_rộn với lựa_chọn tốt tuy_nhiên bộ đếm dịch_vụ sal có vấn_đề lấy thẻ_tín_dụng hoặc không thân_thiện với người dùng . người nhận đơn đặt_hàng của chúng_tôi hầu_như không_thể hiểu được tiếng anh và rất khó để giải_thích . mccafe servo tuy_nhiên là tuyệt_vời .,2
cheeseburger deluxe cheeseburger thông_thường trông như_thế_nào,0
"gà không xương , không tin được 6 cục nhỏ như viên cá viên mà lấy giá trên trời bột không",0
bạn phải thử gà cay giòn . cửa_hàng sạch và thoải_mái với một phần mccafe .,2
nhưng ấn_tượng bởi dịch_vụ,0
thịt luôn được làm nóng sẵn và phô_mai không bị tan chảy . họ cũng bỏ_qua bất_kỳ bình_luận về chất_lượng thực_phẩm của họ . nơi này không xứng_đáng với tên mcdonalds,0
quá bận_rộn,2
giá ổn dịch_vụ nhanh chất_lượng không_gian không được sạch_sẽ . cần cải_thiện,0
đfdf,0
"dich vụ rất tốt , đồ_ăn ngon",1
không thích chỗ này,0
"mọi thứ đều đi trước thời_đại và chuyên_nghiệp ở mức_độ cao nhất . đồ_ăn sạch_sẽ , gà rất giòn da thấm thịt và có nhiều sốt ngon . nên thử mù_tạt mật_ong và sốt tỏi ớt . nếu_như không phải đi bộ vào quán thì sẽ ghé thăm nhiều hơn . cập_nhật dạo này mcdonalds có chương_trình 99k 2 burger bất_kỳ hoặc mua 1 tặng 1 thứ 5 hàng tuần rất ok . hy_vọng sẽ tiếp_tục có các chương_trình mới để thu_hút khách_hàng .",1
đồ_ăn khá ổn . nhưng chất_lượng phục_vụ rất tệ . tệ từ quản_lý đến phục_vụ .,0
ăn bình_thường,2
nhân_viên ngủ trên ghế sofa . mùi kỳ_lạ,0
cửa_hàng thương_hiệu nổi_tiếng,1
một lựa_chọn tuyệt_vời để nghỉ_ngơi trên một chiếc xe_máy,2
tốt nhanh,1
"service cũng tốt nhưng có 1 vấn_đề làm mình bực_mình . order mang về của mình là như sau phần 3 miếng gà cay phần burger bò 2 lớp meal cỡ lớn oreo mcflurry gà cay giảm_giá 22 tính ra tổng_cộng là phải có 4 miếng gà . ban_đầu đã tính ăn tại_chỗ nhưng có việc gấp nên đã nhờ nhân_viên gói lại dùm . nhân_viên làm rất tốt phần này , nhưng khi về tới nhà thì phát_hiện là chỉ có 3 miếng gà thôithiếu một miếng :mặt khóc to::mặt khóc to:k thể tha_thứ được mình trả tiền cho 31 4 miếng gà cay nhưng rốt_cuộc cái mình nhận là 3 miếng gà sự cay_đắng vô_cùng :khuôn mặt trầm ngâm:",0
nhân_viên mắt dậy thật,0
"tệ_hại , thanh_toán đồ uống xong bắt khách đợi , quầy pha_chế không có người trực , thiếu_điều đi hét vào mặt mấy ông nhân_viên thì mới ra pha_chế , không có hẹn ở đây thì không bao_giờ vào thề luôn",0
khá,1
được,1
"tôi gọi món kem sô cô la , giải_quyết nó tại sổ đăng_ký và vào chỗ ngồi của tôi . ... cặp vợ_chồng đến sau và đặt_hàng vật_phẩm :cặp đôi có trái tim: nhặt các mặt_hàng và đi ra ngoài cửa_hàng . ... cặp đôi tiếp_theo ... thư_ký cửa_hàng đã mang các mặt_hàng từ gia_đình tôi trước mặt tôi đến tầng hai . ... tôi cũng mang các sản_phẩm của gia_đình mình lên tầng hai . huh , còn kem sô cô la của tôi thì sao ... thư_ký kiểm_tra biên_lai của tôi và quay lại núi biên_lai trước khi đăng_ký ... tôi đã quên sau tất_cả tôi chưa bao_giờ nghĩ rằng điều này sẽ kéo_dài trong hai ngày ... bây_giờ tôi sẽ đợi tsuki trở_lại :mặt cười toe toét: thư_ký cửa_hàng dường_như không bị xúc_phạm . ... hahaha",0
không có bánh_mì kẹp thịt ăn_chay và nhà_hàng bị bẩn . thùng rác đã kết_thúc .,0
"vào ngày lễ và cuối tuần dịp phố đi bộ , quán thường đông quá mức trong khi quầy thanh_toán nhỏ nên phải xếp_hàng hơi lâu .",2
họ không có sữa lắc hoặc frappe shino,0
"vị_trí tốt , thức_ăn ngon...nv thiếu nhiệt_tình",0
nóng_nực không thoải_mái .,0
"quán đông_đúc , chỗ ngồi thoải_mái view nhìn đường xá ok",1
tôi yêu mcdonald,1
giống như tất_cả các macca khác . thực_phẩm là trung_bình . dịch_vụ là tốt,2
cafe uống buồn_nôn . bánh rất đắt và éo ngon,0
cuối tuần bận_rộn,2
"quan_điểm đẹp , thức_ăn nhanh với dịch_vụ tốt và phi_hành_đoàn thân_thiện",1
thức_ăn ngon . nhưng wc ô_uế .,2
nhân_viên tỏ thái_độ không tốt với ae giao hàng,0
không còn mac lớn nữa,1
cung ôn,2
"chỉ cần băng qua đường đến bưu_điện , số 86 bus stop phải trước bưu_điện , hãy đến cảng không_khí quốc_tế noi bai . giá vé có giá 35.0 vnd .",2
được rồi,2
địa_phương_hoá nhưng đủ tốt cho khách du_lịch với dị_ứng thực_phẩm hà_nội địa_phương .,2
quá ồn_ào,0
cần gọi ăn nhanh để đi gấp nhưng đợi mất tg quá . nên cải_thiện thêm,0
đồ_ăn ra nhanh phục_vụ được nhưng nhân_viên vệ_sinh chửi khách,2
quá giá và béo ngậy .,2
giá cao,2
"trong mcdonalds , họ cho tóc ăn .",0
"tiện_lợi , không_gian thoáng mát , đẹp_mắt , sạch_sẽ .",1
tốt cho trẻ_em và gia_đình sau chuyến lưu_diễn thành_phố và đi bộ dài .,2
crowdy như mọi_khi vì đây là mcdonald đầu_tiên và duy_nhất ở hà_nội vào năm 2018 . sự thiếu_hụt rất lớn của nhân_viên dọn_dẹp nên nó nhanh_chóng bị lộn_xộn sau khi mọi người thả nước_ngọt và thức_ăn trên sàn nhà . thực_đơn và thực_phẩm là tốt như trong bất_kỳ mcdonald nào trên khắp thế_giới . nhân_viên thân_thiện nhưng không đủ của họ về nhiệm_vụ dọn_dẹp . thiếu sự hiện_diện của người_quản_lý để giám_sát và hỗ_trợ các hoạt_động khác .,2
chỉ là một mcdonald khác . thức_ăn tươi và ngon . không hoàn_toàn giống với hương_vị ở nam_phi . rất khác nhau . không chắc đó là gia_vị mayo hay gà nhưng tốt khác,1
đông_đúc và không quan_tâm đến khách_hàng . mất 1 giờ để nhận được một đơn đặt_hàng 2 gà rán và 6 miếng gà cốm . thật_sự 1 giờ chỉ cho đơn đặt_hàng đó tôi hiểu nếu đó là một đơn đặt_hàng lớn nhưng chỉ có 2 điều bạn phải mất một giờ tôi đã không nhận ra rằng fastfood có nghĩa là bạn phải đợi một giờ để nhận đơn đặt_hàng . đó là những gì nhanh có nghĩa là bây_giờ . rất thất_vọng,0
đồ_ăn ngon . quán sạch_sẽ .,1
"gà tươi , gia_vị đều , sốt chấm hợp vị . tuy_nhiên , khay đựng sốt chấm khá bé và làm bằng giấy nên khá bất_tiện trong khi ăn . không_gian rộng , nhiều khu_vực cho nhiều đối_tượng . nhân_viên dọn bàn hơi chậm nên việc chọn chỗ cũng bị_động .",1
"sạch_sẽ , đồ_ăn cũng tạm ổn",1
"tôi không phải là một fan hâm_mộ của thức_ăn nhanh , đặc_biệt là không phải là một thương_hiệu mà tôi có ở đất_nước của tôi . tuy_nhiên , vì thời_tiết xấu , chúng_tôi chỉ có_điều đó để về nhà nhanh_chóng . các thị_hiếu khác nhau của phápanhhàn quốc nhưng rất đáng ngạc_nhiên đối_với mcdonald . dịch_vụ chỉ chậm một_chút nhưng có rất nhiều người . tôi nghĩ rằng một_số khách du_lịch tự lấy các vị vua với những lời chỉ_trích về những người định_cư điển_hình , vì họ đã tức_giận mà không có lý_do sau khi xác_nhận một đơn đặt_hàng hai phút trước đó . tôi hài_lòng với nơi này . gà rán rất ngon đã ghé thăm vào tháng 9",2
bãi đỗ xe nhỏ bảo_vệ ngồi hút thuốc không hướng_dẫn khách chỗ đậu xe,2
mọi thứ ở đây đều tốt . lấy đi 2 sao vì sức nóng bên trong nhà_hàng . họ dường_như không đủ khả_năng để trả tiền cho điều_hoà_không_khí .,2
"đó là một maccas , phi_lê cá có_vẻ nhỏ_bé ... khoai_tây chiên lạnh .",0
đây là lý_do tôi đến hà_nội,1
"tôi làm tài_xế công_nghệ , lần đầu_tiên ghé đây mua đồ giao cho khách . khi đến_nơi do không biết về khu_vực để xe . nên đi theo hướng_dẫn vào nơi để gửi xe , vừa tới khu_vực giữ xe , mình hỏi anh giữ xe là để xe ở đây phải không ạ anh chỉ tay về phía trước quán và nói có thấy đồng_nghiệp đậu không nghe xong mình thấy không vui ngay . dù_sao mình cũng phải được xem như một khách_hàng chứ . đã hướng_dẫn thì phải cho rõ để khách còn biết . giống kiểu có thái_độ riêng_biệt với tài_xế công_nghệ . tôi chỉ là người mua hộ cho khách chứ đâu phải vào để xin_xỏ gì đâu mà đối_xử vậy . nếu tôi là khách_hàng chắc_chắn sẽ quay xe đi luôn rồi . mong rằng quản_lý chấn_chỉnh điều này để có dịch_vụ tốt nhất trong khâu phục_vụ .",2
dịch_vụ rất xấu . ban quản_lý mcdonalds cần chú_ý nhiều hơn đến hoạt_động và đào_tạo nhân_viên của mcdonalds hà_nội .,0
dj,2
thức_ăn ngon nhưng hơi đông_đúc trong các mùa lễ_hội . không có chỗ ngồi vào kỳ nghỉ năm mới .,1
khu_vực bên ngoài rất hôi mùi thuốc_lá ... đầu_lọc xả đầy khu_vực bảo_vệ ngồi ...,2
bữa ăn tối thực_phẩm tốt,1
"sắp_xếp một bữa ăn sinh_nhật cho hơn 10 trẻ_em ở đây và quy_trình hỗ_trợ khách_hàng từ nhân_viên chỉ đơn_giản là đặt bàn và gọi món ăn là quá tệ , không có ý_thức về lòng hiếu_khách và hoàn_toàn không được đào_tạo cơ_bản trải_nghiệm lố_bịch nhất là trong khi những đứa trẻ đã chọn các món ăn từ giỏ hàng thực_đơn , một cô_hầu bàn liều_lĩnh đã đến để hỏi lại thực_đơn chỉ vì có một khách_hàng người nước_ngoài đang tìm_kiếm nó tôi tự hỏi làm thế_nào quản_lý của họ nghĩ về tiêu_chuẩn dịch_vụ này",0
gà ăn ngon vệ_sinh sạch_sẽ,1
"không tat bang mcdonal hoang dao thuy . mieng ga qua be . se không quay lai nua vi xung_quanh co nhieu cua hang an nhanh hon ... gia ca hop ly hon . tuy nhien , co 1 diem cong cua mcdonal so voi cac cua hang khac la nhan vien chuyen nghiep hon . va da du ky tu chua nhi cho chac chan",2
nơi này là tốt . mở_cửa 24 giờ . nhà_vệ_sinh đã rất sạch_sẽ . dịch_vụ đã chậm .,2
"khu_vực ăn_uống trên lầu hôi_thối vì ac không được bảo_dưỡng và cửa_sổ được đóng đinh . sàn nhà trơn từ dầu của thực_phẩm rơi . vẫn còn thức_ăn và các mô trên sàn nhà , việc_làm sạch dường_như dừng lại khi mặt bàn trống ..",0
tạm được ...,2
mấy đứa làm part time có thái_độ rất là mất_dạy mọi người không nên tới đây,0
tốt disgusting google không cung_cấp đúng số điện_thoại ngoài chán_ghét,0
"wf chán lắm , không bao_giờ chạy nổi cái trang để bấm kết_nối cả .",0
"đồ_ăn ngon , nóng , phục_vụ tốt và nhiệt_tình . giá_cả kg lệch so với các fastfood khác . chắc_chắn sẽ ghé lại",1
nhân_viên thái_độ khi grab mua hàng trả đồ thiếu,0
"đẹp , nhanh_chóng , dịch_vụ . các combo tuyệt_vời , sẽ trở_lại để thử người khác .",1
khá lạ_miệng nhưng hơi ngán nếu ăn liên_tục,1
hương_vị ở việt_nam không quá ngon . điều này là chúng cung_cấp nhiều sự lựa_chọn hơn về nước sốt và cũng nhận được mynonise,2
"đã thấy họ 3 lần đưa ra cùng một đơn đặt_hàng , cho những người_dân địa_phương đã ra_lệnh theo chúng_tôi . 30 phút thời_gian chờ_đợi là một trò_đùa cho thức_ăn nhanh . mỗi khi bạn hỏi chuyện gì đang xảy ra . chờ 5 phút . câu nói đùa",0
bận . nhưng làm cho nó hoàn_thành,1
tuyệt_vời,2
"đã ở đây nhiều lần khi tôi sống trong khoảng_cách đi bộ . khoai_tây chiên được phục_vụ bất_cứ lúc_nào trong ngày , đều khập_khiễng , như_thể họ đã chiên nó vào ngày hôm trước và được vi_sóng trước khi phục_vụ . dịch_vụ là không_thể . giao_tiếp với nhân_viên về đơn đặt_hàng đồ uống của tôi với barista đã nhiều lần bị loại_bỏ do không đủ sức_mạnh não thay_mặt cho các quý ông_trẻ .",0
rất bận_rộn và chỉ có 3 màn_hình bạn đặt_hàng từ . thức_ăn mất nhiều thời_gian để có được . bun chính nó ướt và khủng_khiếp . không phải là một kinh_nghiệm tuyệt_vời .,2
"thức_ăn ngon , nhân_viên thân_thiện , view đẹp",1
"đồ_ăn ngon nhưng vẫn phải cho 1 vì ăn xong mình ra ngoài bắt grab , đang chờ xe mà trời mưa thì bị bảo_vệ ra quát đuổi không cho đứng dưới hiên , có nói là cháu vừa ăn xong cháu chờ xe đón , nhưng ông í vẫn quát , để í thì thấy ai ông í cũng quát nên cho 1 chấn_chỉnh nhé :khuôn mặt hơi mỉm cười:",0
"cửa_hàng bẩn , ồn_ào đáng kinh_ngạc",2
đã không đáp_ứng mong_đợi của tôi đối_với một mcdonalds bình_thường . bánh_mì đã nhai và bánh burger rất lộn_xộn . dịch_vụ rất nhanh và tốt nhưng các bàn đã dính và không được làm sạch tốt . không phải là một chiếc burger mcdonalds thích_hợp,0
số 1 của mcdonald .. thật đáng tiếc khi bạn chỉ có_thể ăn với hoan kiem .. có rất nhiều khách_hàng . rất phức_tạp,1
không biết nói gì nữa,0
ngon bổ rẻ . 2424 phục_vụ tốt,1
quá bận_rộn,0
"thông_thường nó là tự_phục_vụ . bạn chọn các món ăn của bạn trong thực_đơn , đặt_hàng và chờ_đợi để tự mình lấy nó . không ai bảo tôi mang thức_ăn của tôi . giá_cả không đáng yêu . phần nhỏ không giống như quảng_cáo . bạn có_thể chọn burgerking , texas hoặc jollibee để có trải_nghiệm tốt hơn vị_trí được xây_dựng tốt , ở quận trung_tâm quận 1 ồn_ào và một_chút không bẩn_thỉu .",2
"cửa_hàng mcdonalds chi_nhánh đa kao là cửa_hàng đầu_tiên của hãng được mở tại việt_nam vào năm 2014 và đây được cho rằng là chi_nhánh đẹp nhất trong 17 chi_nhánh của mcdonalds tại tp.hcm. địa_chỉ 2 6 bis điện_biên_phủ , q1 , tp.hcm giá 50.0 đ 200.0 đ cửa_hàng mcdonalds nằm ngay vị_trí vòng xoay điện_biên_phủ . đây là một vị_trí thuận_lợi và đông người qua_lại nên khách_hàng tại chi_nhánh này rất đông . và một điểm nổi_bật không_thể không kể đến khi nhắc về dịch_vụ của mcdonalds đó chính là dịch_vụ drive thru . drive thru là dịch_vụ mua hàng không cần đổ xe được mcdonalds tiên_phong tại việt_nam trong lĩnh_vực này . menu của nhà_hàng mcdonalds luôn được đầu_tư về hình_thức và chất_lượng để các thực_khách có_thể tự_do chọn_lựa . và một trong những món ăn phổ_biến được yêu thích nhất chính là gà rán . được bố_trí ngay ở giữa và từ trái sang phải nhằm trở_thành những thông_tin đầu_tiên mà khách_hàng thấy được . ngoài những menu đồ_ăn thì chúng_tôi có_thể thấy nhà_hàng mc donalds còn có menu về café . mccafe tạo cho chúng_tôi một cảm_giác café của nhà_hàng rất chất_lượng với giá_cả hợp_lý và phù_hợp với giá tiền của khách_hàng thứ hai , về cách bố_trí khu_vực dành cho khách_hàng . mcdonalds bố_trí chỗ ngồi rất thông_minh , không để các khách_hàng phải phiền hoặc cảm_thấy không hài_lòng khi ngồi lại thưởng_thức các món ăn . do cường_độ làm_việc khá cao nên các bạn nhân_viên cũng được đào_tạo rất chuyên_nghiệp , tư_vấn rõ_ràng cho khách_hàng về thức_ăn và kèm nước uống , hướng_dẫn rõ_ràng các quy_trình khi khách hỏi .",1
phục_vụ chậm và kô nhiệt_tình,2
bình_thường,2
như mọi macdonal,2
tạm ổn,2
khỏi nói proo,1
"phục_vụ tốt , nhanh_chóng , món ăn đa_dạng , có quầy cafe , các món bánh_tráng miệng , kem tươi ... chỗ ngồi rộng_rãi . có chương_trình giảm_giá , có nhận tổ_chức sinh_nhật cho trẻ_em .",1
phở bánh_mì kẹp thịt và sữa_chua dứa . nó rất ngon . phải thử lại .,1
không_gian mát_mẻ,1
cùng một người chú cũ mcdonald,1
"wc bẩn kinh_khủng , bad service",2
"chỉ có macdonald trong thành_phố . vị_trí trung_tâm , rất gần các đường_phố cũ của hà_nội . mở cửa_hàng ngày từ 7 giờ sáng đến nửa_đêm nhưng tầng 2 chỉ mở sau 10 giờ sáng . downstair không có nhiều bảng .",2
":ký hiệu chỉ thị khu vực chữ k: đánh_giá hàn_quốc :ký hiệu chỉ thị khu vực chữ k: mcdonald gần hồ hoan kiem . đến vào sáng sớm , tôi đến thăm hà_nội và đến thăm séc trong thời_gian . đó là vào sáng sớm , vì_vậy tôi đã đặt mua mac morning và có_thể dành thời_gian . thật tốt khi chỉ cần tháo nó ra , nhưng bạn không cần phải ghé thăm điểm này và tìm mcdonald",2
hương_vị tuyệt_vời,1
"big mac có vị như mọi lúc , bất_cứ nơi nào . phần còn lại là khác nhau",1
bảo_vệ không thân_thiện . tầng trệt tolet nam và nữ sử_dụng chung .,1
"rất là bực_mình về chuyện gửi xe tại đây , phải có bill mới được giữ xe free , mình với bạn đi 2 xe nhưng ăn cùng 1 bill thì bị người giữ xe hỏi xét_nét , giọng trên trời quá , không_lẽ ăn 2 người phải 2 bill hay xét camera đi cùng nhau à muốn phân_biệt khách gửi xe vô ăn hay gửi xe nhờ thì làm_sao coi cho được thì làm . khác hẳn mc donald quang trung , nhân_viên giữ xe tử_tế , dẫn cả xe cho khách và luôn niềm_nở . khong bao_giờ quay trở_lại mc donald này 1 lần nào nữa",0
nơi tuyệt_vời,2
nó dường_như là dễ_chịu nhất trong số các cửa_hàng của mcdonald,1
nhà_hàng này rất ok,1
"vì_vậy , giá tốt và tốt",1
đi tour pkl,1
kinh_khủng . đừng đi .,0
vệ_sinh khu_vực xung_quanh không tốt,2
"mcd cổ_điển ở rìa hồ ở trung_tâm hà_nội rất nhiều chỗ ngồi trên lầu , sạch_sẽ và thoáng mát menu cũng có món cơm nếu bạn muốn",2
tạm được,2
giao món thiếu nhiều lần,0
