role,content
user,"Review: viá»‡t nam lÃ  má»™t quá»‘c gia hÃ o phÃ³ng trong viá»‡c hÃºt thuá»‘c, nhÆ°ng cÃ³ nhá»¯ng sinh viÃªn Ä‘áº¡i há»c hÃºt thuá»‘c trong nhÃ  ... nhÃ¢n viÃªn khÃ´ng kiá»m cháº¿.. Sentiment: 2"
user,Review: khÃ´ng gian ok hamburger khÃ´ng ngon. Sentiment: 2
user,"Review: mcdonalds tiÃªu chuáº©n, há»£p lÃ½ náº¿u báº¡n bá» lá»¡ má»™t chiáº¿c bÃ¡nh hamburger giÃ¡ ráº». khi tÃ´i Ä‘i thÃ¬ trá»‘ng rá»—ng vÃ¬ du lá»‹ch pandemi váº«n cÃ²n báº¯t Ä‘áº§u.. Sentiment: 2"
user,Review: báº£o vá»‡ thu thÃªm tiá»n gá»­i xe. mÃ  kp khÃ¡ch nÃ o cÅ©ng thu. cÃ³ thá»ƒ lÃ  biá»ƒn tá»‰nh láº» sáº½ thu thÃªm. Sentiment: 2
user,Review: thá»­ nghiá»‡m viá»‡t nam. Sentiment: 2
user,"Review: thá»©c Äƒn lÃ  ok khi chÃºng tÃ´i á»Ÿ Ä‘Ã³, nÃ³ cÃ³ Ä‘áº§y Ä‘á»§ cÃ¡c gia Ä‘Ã¬nh vÃ  toÃ n bá»™ nÆ¡i cÃ³ mÃ¹i nhÆ° cá»‘ng ráº¥t may, thá»i gian poop0o cá»§a tÃ´i sau Ä‘Ã³ lÃ  aok, vÃ¬ váº­y 3ğŸ’«. Sentiment: 2"
user,Review: khÃ´ng cÃ³ gÃ¬ Ä‘áº·c biá»‡t. Sentiment: 2
user,"Review: mcdonald á»Ÿ hÃ  ná»™i, viá»‡t nam. nÃ³ cÃ³ vá»‹ gáº§n nhÆ° giá»‘ng nhÆ° mcdonald á»Ÿ nháº­t báº£n, nhÆ°ng cÃ³ má»™t kiá»ƒu gáº¡o phá»• biáº¿n Ä‘á»‘i vá»›i mcdonald á»Ÿ Ä‘Ã´ng nam Ã¡. gÃ  lÃ  giÃ²n vÃ  Ä‘á»§ ngon ngá»t. gáº¡o lÃ  má»™t chÃºt cá»§a má»™t chÃºt má»™t chÃºt cá»§a má»™t chÃºt má»™t chÃºt cá»§a má»™t chÃºt má»™t chÃºt cá»§a má»™t chÃºt má»™t chÃºt cá»§a má»™t chÃºt khoai tÃ¢y chiÃªn, cá»‘m gÃ  vÃ  bÃ¡nh mÃ¬ káº¹p thá»‹t cÃ³ thá»ƒ nÃ³ng trong hÆ°Æ¡ng vá»‹ thÃ´ng thÆ°á»ng cá»§a chÃºng. cÃ³ chá»— ngá»“i trÃªn táº§ng hai, vÃ¬ váº­y náº¿u báº¡n may máº¯n, báº¡n cÃ³ thá»ƒ tÃ¬m tháº¥y chÃºng. hÆ¡n ná»¯a, vÃ¬ viá»‡c Ä‘áº·t hÃ ng Ä‘Æ°á»£c thá»±c hiá»‡n thÃ´ng qua má»™t báº£ng Ä‘iá»u khiá»ƒn Ä‘iá»‡n tá»­, sáº½ khÃ¡ khÃ³ khÄƒn náº¿u báº¡n khÃ´ng thá»ƒ quen vá»›i nÃ³.. Sentiment: 2"
user,"Review: táº¥t nhiÃªn lÃ  cá»±c ká»³ tá»‘n kÃ©m, nhÆ°ng Ä‘Ã´i khi lÃ  chuáº©n má»±c. Sentiment: 2"
user,"Review: táº§ng thá»© hai luÃ´n áº©m vÃ  khÃ´ng khÃ­ xáº¥u vÃ  mÃ¹i ká»³ láº¡. do vá»‹ trÃ­, nÃ³ luÃ´n luÃ´n Ä‘Ã´ng Ä‘Ãºc. khÃ¡ch hÃ ng khÃ´ng tá»± vá»©t rÃ¡c, vÃ¬ váº­y há» khÃ´ng hiá»‡u quáº£, há» cáº§n nhÃ¢n viÃªn Ä‘á»ƒ dá»n rÃ¡c tá»« khÃ¡ch hÃ ng trÆ°á»›c máº·t há» Ä‘á»ƒ ngá»“i xuá»‘ng. viá»‡c Ä‘áº·t hÃ ng vÃ  Ä‘Ã³n Ä‘Æ°á»£c tá»± Ä‘á»™ng hÃ³a nÃªn nÃ³ trÆ¡n tru. cÃ¡c nhÃ¢n viÃªn lÃ m viá»‡c chÄƒm chá»‰.. Sentiment: 2"
user,Review: mc donald bá» há»“ vá»‹ trÃ­ Ä‘áº¹p. muá»‘n Äƒn md mÃ¬nh thÆ°á»ng ghÃ© vÃ o Ä‘Ã¢y thik nháº¥t mÃ³n kem vÃ  bÃ¡nh big mc. Sentiment: 2
user,"Review: thá»©c Äƒn vÃ  phá»¥c vá»¥ lÃ  ok, nhÆ°ng tÃ´i cÃ³ thá»ƒ Ä‘áº·t hÃ ng trá»±c tuyáº¿n vá»›i báº¥t ká»³ á»©ng dá»¥ng nÃ o. phÃ²ng vá»‡ sinh bá»‹ báº©n. má»™t thá»i gian khÃ´ng gian giá»‘ng nhÆ° má»™t bÃ£i rÃ¡c. Sentiment: 2"
user,Review: chá»‰ cáº§n mcdonald hahaha. Sentiment: 2
user,"Review: cháº¥t lÆ°á»£ng Ä‘á»“ Äƒn thÃ¬ khÃ´ng cÃ³ gÃ¬ pháº£i nÃ³i tuy nhiÃªn cÃ¡ch thá»©c lÃ m viá»‡c á»Ÿ nhÃ  hÃ ng nÃ y láº¡i khÃ´ng hiá»‡u quáº£ chÃºt nÃ o quÃ¡n khÃ´ng cÃ³ loa thÃ´ng bÃ¡o vÃ¬ quÃ¡n ráº¥t Ä‘Ã´ng khÃ¡ch, lÆ°á»£ng ngÆ°á»i chá» láº¥y Ä‘á»“ lÃ  ráº¥t lá»›n, cÃ³ nhá»¯ng khÃ¡ch tÃ¢y hoáº·c ngÆ°á»i chá» láº¥y Ä‘á»“ táº¡i bÃ n thÃ¬ khÃ´ng thá»ƒ nghe hoáº·c hiá»ƒu Ä‘Æ°á»£c náº¿u nhÆ° nhÃ¢n viÃªn chá»‰ gÃ o má»“m lÃªn Ä‘á»c Ä‘Æ¡n sá»‘... ra nháº­n hÃ ng nÆ¡i nÃ y thá»±c sá»± cáº§n má»™t há»‡ thá»‘ng loa vÃ  mic Ä‘á»ƒ nhÃ¢n viÃªn Ä‘á»c sá»‘ thá»© tá»± trÃªn loa trÃ¡nh cho viá»‡c Ä‘á»“ lÃ m xong nhÆ°ng ngÆ°á»i nháº­n khÃ´ng biáº¿t cá»© chá» vÃ  vÃ  lÆ°á»£ng khÃ¡ch tá»›i liÃªn tá»¥c sáº½ gÃ¢y hiá»‡n tÆ°á»£ng chá» Ä‘á»“ lÃ¢u, Ã¡ch táº¯c khÃ´ng cáº§n thiáº¿t. Sentiment: 2"
user,Review: tÃ´i pháº£i chá» hÆ¡n 1h Ä‘á»ƒ Ä‘Æ°á»£c phá»¥c vá»¥ pháº§n mÃ  tÃ´i Ä‘Ã£ thanh toÃ¡n. Sentiment: 2
user,Review: ráº¥t cháº­m vÃ  trÃªn láº§u ráº¥t báº©n. Sentiment: 2
user,Review: pho burger khÃ´ng ngon láº¯m. Sentiment: 2
user,Review: nhÃ¢n viÃªn nhiá»‡t tÃ¬nh. Sentiment: 2
user,Review: chá» má»™t thá»i gian dÃ i. Sentiment: 2
user,"Review: cÃ³ mÃ³n cho buá»•i sÃ¡ng, bÃ¡nh hÆ¡i dai vá»›i cá»©ng. Sentiment: 2"
user,Review: quÃ¡ giÃ¡ vÃ  bÃ©o ngáº­y.. Sentiment: 2
user,Review: nÃ³ khÃ´ng cÃ³ gÃ¬ khÃ¡c vá»›i mcdonald á»Ÿ nháº­t báº£n. cÃ³ cÃ  phÃª viá»‡t nam khÃ´ng. Sentiment: 2
user,"Review: cÃ³ láº½ lÃ  mcdonald cháº­m nháº¥t mÃ  tÃ´i tá»«ng Ä‘áº¿n. máº¥t 15 phÃºt cho má»™t chiáº¿c bÃ¡nh tÃ¡o tÃ´i khÃ´ng nÃ³i ráº±ng nÃ³ sáº½ máº¥t nhiá»u thá»i gian nhÆ° váº­y. nhá»¯ng ngÆ°á»i khÃ¡c Ä‘ang chá» Ä‘á»£i tá»‘i Ä‘a 20 phÃºt cho thá»±c pháº©m tiÃªu chuáº©n khÃ¡c. náº¿u khÃ´ng, Ä‘Ã³ chá»‰ lÃ  má»™t mcdonald thá»±c sá»±.. Sentiment: 2"
user,"Review: quÃ¡ Ä‘Ã´ng khÃ¡ch, khÃ´ng Ä‘á»§ chá»— ngá»“i, chá»— rá»­a tay ráº¥t báº©n. Sentiment: 2"
user,Review: giá»‘ng nhÆ° táº¥t cáº£ cÃ¡c mcdonalds. Sentiment: 2
user,Review: Ä‘Ã´ng. Ä‘Äƒt. sang chanh phong trao. Sentiment: 2
user,Review: thá»©c Äƒn sáº¡ch sáº½ nhÆ°ng dá»‹ch vá»¥ cháº­m. Sentiment: 2
user,"Review: Ä‘Ã¢y lÃ  mcdonald, nÆ¡i báº¡n cÃ³ thá»ƒ gáº·p báº¥t cá»© nÆ¡i nÃ o ... Sentiment: 2"
user,Review: Ä‘Ã³ lÃ  má»™t nÆ¡i gáº·p gá»¡ tour du lá»‹ch vÃ  tÃ´i Ä‘Ã£ Ä‘i vÃ o má»™t lÃºc vÃ  mua nÆ°á»›c Ä‘Ã³ng chai.. Sentiment: 2
user,Review: quÃ¡ Ä‘Ã´ng Ä‘Ãºc vÃ  lá»™n xá»™n. Sentiment: 2
user,Review: khá»e. Sentiment: 2
user,Review: Ä‘á»‹a phÆ°Æ¡ng hÃ³a nhÆ°ng Ä‘á»§ tá»‘t cho khÃ¡ch du lá»‹ch vá»›i dá»‹ á»©ng thá»±c pháº©m hÃ  ná»™i Ä‘á»‹a phÆ°Æ¡ng.. Sentiment: 2
user,Review: ghÃ© thÄƒm má»™t ngÆ°á»i vá»£ yáº¿u Ä‘uá»‘i trong thá»±c pháº©m Ä‘á»‹a phÆ°Æ¡ng. bÃ¡nh mÃ¬ káº¹p thá»‹t quÃ¡ khÃ¡c nhau.. Sentiment: 2
user,Review: Ä‘á»‹a Ä‘iá»ƒm hÃºt khÃ¡ch nÆ°á»›c ngoÃ i vÃ  trong nÆ°á»›c. Ä‘á»“ Äƒn cÅ©ng tÃ m táº¡m. Sentiment: 2
user,Review: nÃ³ khÃ¡c vá»›i nhá»¯ng gÃ¬ báº¡n Ä‘ang há»i.. Sentiment: 2
user,Review: quÃ¡ nhiá»u ngÆ°á»i vÃ  quÃ¡ á»“n. Sentiment: 2
user,Review: thÆ°á»ng ã…œ. Sentiment: 2
user,"Review: bÃ¡nh mÃ¬ káº¹p thá»‹t lá»£n khÃ¡ Ä‘áº¹p, nhÆ°ng nÃ³ khÃ´ng Ä‘i kÃ¨m vá»›i thiáº¿t láº­p.. Sentiment: 2"
user,Review: phá»¥c vá»¥ cháº­m vÃ  kÃ´ nhiá»‡t tÃ¬nh. Sentiment: 2
user,"Review: má»›i vÃ  sáº¡ch sáº½ máº·c dÃ¹ Ä‘Ã´i khi quÃ¡ Ä‘áº§y Ä‘á»§ vá»›i cÃ¡c nhÃ¢n viÃªn há»¯u Ã­ch cá»‘ gáº¯ng háº¿t sá»©c Ä‘á»ƒ giá»¯ thá»i gian chá» Ä‘á»£i cá»§a báº¡n cÃ ng ngáº¯n cÃ ng tá»‘t. khÃ´ng cÃ³ sá»¯a láº¯c khÃ´ng may. cÃ  phÃª lÃ  thÃº vá»‹, Ä‘Ã¡ng ngáº¡c nhiÃªn. thá»©c Äƒn Ä‘Æ°á»£c náº¥u Ä‘á»ƒ Ä‘áº·t hÃ ng vÃ  nÃ³ng.. Sentiment: 2"
user,Review: bÃ¡nh mÃ¬ khÃ´ng giá»‘ng nhÆ° cÃ¡c mcdonalds khÃ¡c vÃ  thá»©c Äƒn khÃ´ng nÃ³ng khi chÃºng tÃ´i nháº­n Ä‘Æ°á»£c. nhÆ°ng dá»‹ch vá»¥ ráº¥t nhanh.. Sentiment: 2
user,Review: nhÃ¬n view khÃ¡ Ä‘áº¹p mÃ  chÆ°a cÃ³ dá»‹p Äƒn nÃªn chÆ°a biáº¿t cháº¥t lÆ°á»£ng ra sao. Sentiment: 2
user,"Review: vÃ¢ng, nÃ³ lÃ  thá»±c pháº©m sáº¡ch vÃ  tÆ°Æ¡i, vÃ  phá»• biáº¿n trong ppl cá»§a ngÆ°á»i viá»‡t nam. Sentiment: 2"
user,Review: Ä‘á»“ Äƒn bÃ¬nh thÆ°á»ng. Sentiment: 2
user,Review: quÃ¡ Ä‘Ã´ng Ä‘Ãºc. Sentiment: 2
user,Review: tÃ´tf. Sentiment: 2
user,Review: Ä‘á»“ Äƒn Ä‘Æ°á»£c. Sentiment: 2
user,Review: khÃ´ng cÃ³ thá»±c pháº©m Äƒn chay cÃ³ sáºµn.. Sentiment: 2
user,Review: quáº£n lÃ½. Sentiment: 2
user,Review: duy nháº¥t á»Ÿ hÃ  ná»™i. Sentiment: 2
user,Review: hÃ  ná»™i duy nháº¥t cá»§a mcdonald. hÃ ng dÃ i. Sentiment: 2
user,"Review: mcdonald báº©n thá»‰u nháº¥t mÃ  tÃ´i tá»«ng tháº¥y táº§ng dÆ°á»›i lÃ  xáº¥u, nhÆ°ng trÃªn láº§u lÃ  khá»§ng khiáº¿p. sÃ n nhÃ  lÃ  má»™t sÃ¢n trÆ°á»£t bÄƒng dáº§u tháº­t, nhÃ  vá»‡ sinh báº©n thá»‰u vÃ  chÃºng tÃ´i Ä‘Ã£ Ä‘áº¿n Ä‘Ã³ vÃ o Ä‘áº§u ngÃ y nÃªn tÃ´i sá»£ khi nghÄ© ráº±ng nÃ³ sáº½ tá»‡ Ä‘áº¿n má»©c nÃ o sau nÃ y. tuy nhiÃªn, thá»±c pháº©m Ä‘Ã£ nhÆ° mong Ä‘á»£i. Sentiment: 2"
user,"Review: cÃ³ má»™t sá»‘ nÆ°á»›c sá»‘t mcnuggets, vÃ¬ váº­y báº¡n cÃ³ thá»ƒ tá»± mang nÃ³ Ä‘áº¿n vÃ  Äƒn nÃ³. mcdonalds, khÃ´ng khÃ¡c gÃ¬ á»Ÿ Ä‘Ã¢y macwing lÃ  ã…‚ã„¹. Sentiment: 2"
user,"Review: Ä‘á»“ Äƒn cÅ©ng Ä‘c, khÃ´ng gian vÃ  ngÆ°á»i bÃ¡n hÃ ng mÃ¬nh khÃ´ng thÃ­ch láº¯m. Sentiment: 2"
user,Review: chá»— ngoÃ i mÃ¡t máº½ ráº¥t chill Ä‘áº·c biá»‡t lÃ  buá»•i tá»‘i muá»™n. Sentiment: 2
user,"Review: bÃ¡n hÃ ng chuáº©n quá»‘c táº¿, Äƒn báº±ng tay nhÆ°ng láº¡i khÃ´ng cÃ³ chá»— rá»­a tay tiá»‡n lá»£i. toÃ n pháº£i leen láº§u, hoáº·c Ä‘i xa, chá»— thÃ¬ rá»­a xong láº¡i pháº£i kÃ©o cá»­a náº·ng bÆ°á»›c ra vá»›i láº¡i bÆ°á»›c vÃ o nhÃ  vá»‡ sinh hÃ´i cÅ©ng tuá»™t mood. khÃ´ng hiá»ƒu táº¡i sao.. Sentiment: 2"
user,Review: siÃªu Ä‘Ã´ng Ä‘Ãºc trong bá»¯a trÆ°a thá»© sÃ¡u. Sentiment: 2
user,"Review: vá»‹ trÃ­ thuáº­n tiá»‡n háº¹n hÃ² gáº·p gá»¡, nhiá»u chá»• Ä‘áº­u xe Ã´ tÃ´ vÃ  xe 2 bÃ¡nh táº£i app mcdonald Ä‘á»ƒ nháº­n thÃ´ng bÃ¡o khuyáº¿n mÃ£i. Sentiment: 2"
user,Review: thá»©c Äƒn ngon. nhÆ°ng wc Ã´ uáº¿.. Sentiment: 2
user,Review: khÃ´ng pháº£i lÃ  thá»i Ä‘iá»ƒm tá»‘t Ä‘á»ƒ Ä‘áº¿n thÄƒm há» Ä‘Ã£ xÃ¢y dá»±ng trong giá» Äƒn trÆ°a.. Sentiment: 2
user,"Review: khu nÃ y Ä‘á»“ Äƒn ngon, má»—i tá»™i cÃ³ cÃ¡i cá»‘ng hÃ´i Äƒn máº¥t ngon.. Sentiment: 2"
user,"Review: mÃ³n Äƒn vÃ  dá»‹ch vá»¥ Ä‘áº¡t chuáº©n, nhÃ  hÃ ng Ä‘Ã´ng khÃ¡ch, nÃ¡o nhiá»‡t thÃ­ch há»£p cho gia Ä‘Ã¬nh. Sentiment: 2"
user,"Review: nÃ³ váº«n lÃ  mcdonald, Ä‘Ã¢y lÃ  má»™t Ä‘á»‹a chá»‰ tá»‘t náº¿u báº¡n muá»‘n Äƒn nhanh, tuy nhiÃªn tÃ´i tháº¥y ráº±ng tháº» bá»‹ háº¡n cháº¿ so vá»›i cÃ¡c quá»‘c gia khÃ¡c má»™t chÃºt tháº¥t vá»ng.. Sentiment: 2"
user,"Review: khÃ´ng hiá»ƒu sao , khÃ´ng ngon nhÆ° bÃªn nga hay bÃªn singapore. Sentiment: 2"
user,Review: cÃ¡c nhÃ¢n viÃªn lÆ°á»i biáº¿ng vÃ o ban Ä‘Ãªm vÃ  khÃ´ng Ä‘Æ°á»£c vá»‡ sinh. Sentiment: 2
user,Review: nÆ¡i nÃ y lÃ  tá»‘t. má»Ÿ cá»­a 24 giá». nhÃ  vá»‡ sinh Ä‘Ã£ ráº¥t sáº¡ch sáº½. dá»‹ch vá»¥ Ä‘Ã£ cháº­m.. Sentiment: 2
user,Review: tháº¥y cÅ©ng Ã­t khÃ¡ch. Sentiment: 2
user,Review: khÃ´ng sao Ä‘Ã¢u. nhÆ°ng cÃ¡c nhÃ¢n viÃªn khÃ´ng bao giá» cung cáº¥p dá»‹ch vá»¥ bÃ n khi tráº£ tiá»n táº¡i quáº§y.. Sentiment: 2
user,Review: lá»±a chá»n dá»… dÃ ng nhÃ¢n viÃªn chu Ä‘Ã¡o. Sentiment: 2
user,Review: táº¡m Ä‘Æ°á»£c á»Ÿ khÃ¢u khÃ´ng gian. há»‡ thá»‘ng order phiá»n phá»©c cÃ³ cáº£m giÃ¡c bá»‹ lá»«a. Sentiment: 2
user,Review: phá»¥c vá»¥ nhanh. nhÃ¢n viÃªn giao Ä‘á»“ Äƒn cho khÃ¡ch khÃ´ng kiá»ƒm tra bill dáº«n tá»›i giao nháº§m suáº¥t Äƒn. Sentiment: 2
user,"Review: gÃ  vÃ  khoai chiÃªn khÃ´ng giÃ²n, cÃ³ hiá»‡n tÆ°á»£ng ngáº¥m dáº§u. Sentiment: 2"
user,"Review: quan thoang, rÃ´ng, quang canh ok.. Sentiment: 2"
user,"Review: thÃ´ng thÆ°á»ng nÃ³ lÃ  tá»± phá»¥c vá»¥. báº¡n chá»n cÃ¡c mÃ³n Äƒn cá»§a báº¡n trong thá»±c Ä‘Æ¡n, Ä‘áº·t hÃ ng vÃ  chá» Ä‘á»£i Ä‘á»ƒ tá»± mÃ¬nh láº¥y nÃ³. khÃ´ng ai báº£o tÃ´i mang thá»©c Äƒn cá»§a tÃ´i . giÃ¡ cáº£ khÃ´ng Ä‘Ã¡ng yÃªu. pháº§n nhá» khÃ´ng giá»‘ng nhÆ° quáº£ng cÃ¡o. báº¡n cÃ³ thá»ƒ chá»n burgerking, texas hoáº·c jollibee Ä‘á»ƒ cÃ³ tráº£i nghiá»‡m tá»‘t hÆ¡n vá»‹ trÃ­ Ä‘Æ°á»£c xÃ¢y dá»±ng tá»‘t, á»Ÿ quáº­n trung tÃ¢m quáº­n 1 á»“n Ã o vÃ  má»™t chÃºt khÃ´ng báº©n thá»‰u.. Sentiment: 2"
user,Review: nhÆ° má»i macdonal. Sentiment: 2
