Review,Sentiment,tokenized_text,emoji to text,emoji to text + stopwords
thá»©c Äƒn vÃ  dá»‹ch vá»¥ hoÃ n háº£o,1,thá»©c_Äƒn vÃ  dá»‹ch_vá»¥ hoÃ n_háº£o,thá»©c_Äƒn vÃ  dá»‹ch_vá»¥ hoÃ n_háº£o,thá»©c_Äƒn dá»‹ch_vá»¥ hoÃ n_háº£o
toÃ n bá»n tÃ¢y ba lÃ´,1,toÃ n bá»n tÃ¢y ba_lÃ´,toÃ n bá»n tÃ¢y ba_lÃ´,toÃ n bá»n tÃ¢y ba_lÃ´
Ä‘Ã¢y lÃ  1 tiá»‡m hamburger ráº¥t ngon tuy nhiÃªn giÃ¡ cáº£ khÃ¡ Ä‘áº¯t vÃ¬ theo tiÃªu chuáº©n nÆ°á»›c ngoÃ i.,1,Ä‘Ã¢y lÃ  1 tiá»‡m hamburger ráº¥t ngon tuy_nhiÃªn giÃ¡_cáº£ khÃ¡ Ä‘áº¯t vÃ¬ theo tiÃªu_chuáº©n nÆ°á»›c_ngoÃ i .,Ä‘Ã¢y lÃ  1 tiá»‡m hamburger ráº¥t ngon tuy_nhiÃªn giÃ¡_cáº£ khÃ¡ Ä‘áº¯t vÃ¬ theo tiÃªu_chuáº©n nÆ°á»›c_ngoÃ i .,1 tiá»‡m hamburger ngon tuy_nhiÃªn giÃ¡_cáº£ Ä‘áº¯t tiÃªu_chuáº©n nÆ°á»›c_ngoÃ i
"nÃ³ cÃ³ kÃ­ch thÆ°á»›c quÃ¡ nhá» gÃ  so vá»›i nhá»¯ng con khÃ¡c,",1,"nÃ³ cÃ³ kÃ­ch_thÆ°á»›c quÃ¡ nhá» gÃ  so vá»›i nhá»¯ng con khÃ¡c ,","nÃ³ cÃ³ kÃ­ch_thÆ°á»›c quÃ¡ nhá» gÃ  so vá»›i nhá»¯ng con khÃ¡c ,",kÃ­ch_thÆ°á»›c gÃ 
"Ä‘á»“ Äƒn ngon, khÃ´ng gian rá»™ng rÃ£i thoÃ¡ng mÃ¡t, view nhÃ¬n ra vÃ²ng xoay Ä‘áº¹p. cÃ³ drive thru. Ä‘iá»ƒm trá»« lÃ  quÃ¡ Ä‘Ã´ng con nÃ­t cháº¡y tÃ¡n loáº¡n mÃ  khÃ´ng cÃ³ nhÃ¢n viÃªn quáº£n lÃ½ hay lÃ  nháº¯c nhá»Ÿ Ä‘á»ƒ lÃ m phiá»n thá»±c khÃ¡ch khÃ¡c",1,"Ä‘á»“_Äƒn ngon , khÃ´ng_gian rá»™ng_rÃ£i thoÃ¡ng mÃ¡t , view nhÃ¬n ra vÃ²ng xoay Ä‘áº¹p . cÃ³ drive thru . Ä‘iá»ƒm trá»« lÃ  quÃ¡ Ä‘Ã´ng con_nÃ­t cháº¡y tÃ¡n_loáº¡n mÃ  khÃ´ng cÃ³ nhÃ¢n_viÃªn quáº£n_lÃ½ hay lÃ  nháº¯c_nhá»Ÿ Ä‘á»ƒ lÃ m_phiá»n thá»±c_khÃ¡ch khÃ¡c","Ä‘á»“_Äƒn ngon , khÃ´ng_gian rá»™ng_rÃ£i thoÃ¡ng mÃ¡t , view nhÃ¬n ra vÃ²ng xoay Ä‘áº¹p . cÃ³ drive thru . Ä‘iá»ƒm trá»« lÃ  quÃ¡ Ä‘Ã´ng con_nÃ­t cháº¡y tÃ¡n_loáº¡n mÃ  khÃ´ng cÃ³ nhÃ¢n_viÃªn quáº£n_lÃ½ hay lÃ  nháº¯c_nhá»Ÿ Ä‘á»ƒ lÃ m_phiá»n thá»±c_khÃ¡ch khÃ¡c",Ä‘á»“_Äƒn ngon khÃ´ng_gian rá»™ng_rÃ£i thoÃ¡ng mÃ¡t view vÃ²ng xoay Ä‘áº¹p drive thru trá»« Ä‘Ã´ng con_nÃ­t cháº¡y tÃ¡n_loáº¡n nhÃ¢n_viÃªn quáº£n_lÃ½ nháº¯c_nhá»Ÿ lÃ m_phiá»n thá»±c_khÃ¡ch
mcdonalds há»“ gÆ°Æ¡m,1,mcdonalds há»“ gÆ°Æ¡m,mcdonalds há»“ gÆ°Æ¡m,mcdonalds há»“ gÆ°Æ¡m
má»™t mcdonalds 24 giá». luÃ´n luÃ´n nháº¯c dá»‹ch vá»¥. vÃ  khoai tÃ¢y chiÃªn luÃ´n tuyá»‡t vá»i. chá»‰ cáº§n cho há» Äƒn á»Ÿ Ä‘Ã³ ... khÃ´ng láº¥y Ä‘i. nÆ¡i Ä‘áº§u tiÃªn tÃ´i Ä‘áº¿n khi cÃ³ thá»i gian Ä‘i Äƒn Ä‘á»“ Äƒn váº·t .... luÃ´n luÃ´n lÃ  mcdonalds. tÃ´i cÃ³ thá»ƒ tÃ¹y chá»‰nh sá»‘ lÆ°á»£ng dÆ°a chua tÃ´i Ä‘áº·t trÃªn má»™t chiáº¿c burger ..... Ä‘Ã³ lÃ  má»™t chiáº¿n tháº¯ng trong cuá»‘n sÃ¡ch cá»§a tÃ´i.,1,má»™t mcdonalds 24 giá» . luÃ´n_luÃ´n nháº¯c dá»‹ch_vá»¥ . vÃ  khoai_tÃ¢y chiÃªn luÃ´n tuyá»‡t_vá»i . chá»‰ cáº§n cho há» Äƒn_á»Ÿ Ä‘Ã³ ... khÃ´ng láº¥y Ä‘i . nÆ¡i Ä‘áº§u_tiÃªn tÃ´i Ä‘áº¿n khi cÃ³ thá»i_gian Ä‘i Äƒn Ä‘á»“_Äƒn váº·t .... luÃ´n_luÃ´n lÃ  mcdonalds . tÃ´i cÃ³_thá»ƒ tuá»³ chá»‰nh sá»‘_lÆ°á»£ng dÆ°a chua tÃ´i Ä‘áº·t trÃªn má»™t chiáº¿c burger ..... Ä‘Ã³ lÃ  má»™t chiáº¿n_tháº¯ng trong cuá»‘n sÃ¡ch cá»§a tÃ´i .,má»™t mcdonalds 24 giá» . luÃ´n_luÃ´n nháº¯c dá»‹ch_vá»¥ . vÃ  khoai_tÃ¢y chiÃªn luÃ´n tuyá»‡t_vá»i . chá»‰ cáº§n cho há» Äƒn_á»Ÿ Ä‘Ã³ ... khÃ´ng láº¥y Ä‘i . nÆ¡i Ä‘áº§u_tiÃªn tÃ´i Ä‘áº¿n khi cÃ³ thá»i_gian Ä‘i Äƒn Ä‘á»“_Äƒn váº·t .... luÃ´n_luÃ´n lÃ  mcdonalds . tÃ´i cÃ³_thá»ƒ tuá»³ chá»‰nh sá»‘_lÆ°á»£ng dÆ°a chua tÃ´i Ä‘áº·t trÃªn má»™t chiáº¿c burger ..... Ä‘Ã³ lÃ  má»™t chiáº¿n_tháº¯ng trong cuá»‘n sÃ¡ch cá»§a tÃ´i .,mcdonalds 24 luÃ´n_luÃ´n nháº¯c dá»‹ch_vá»¥ khoai_tÃ¢y chiÃªn tuyá»‡t_vá»i Äƒn_á»Ÿ ... Ä‘áº§u_tiÃªn thá»i_gian Ä‘á»“_Äƒn váº·t .... luÃ´n_luÃ´n mcdonalds cÃ³_thá»ƒ tuá»³ chá»‰nh sá»‘_lÆ°á»£ng dÆ°a chua burger ..... chiáº¿n_tháº¯ng sÃ¡ch
"gÃ , hamburger vÃ  nÆ°á»›c cháº¥m ngon tuyá»‡t",1,"gÃ  , hamburger vÃ  nÆ°á»›c_cháº¥m ngon tuyá»‡t","gÃ  , hamburger vÃ  nÆ°á»›c_cháº¥m ngon tuyá»‡t",gÃ  hamburger nÆ°á»›c_cháº¥m ngon tuyá»‡t
"vá»‹ trÃ­ kim cÆ°Æ¡ng ngay bÃªn cáº¡nh há»“ hoan kiem trung tÃ¢m cá»§a thÃ nh phá»‘. bÃªn cáº¡nh big mac Ä‘iá»ƒn hÃ¬nh cá»§a báº¡n, báº¡n cÃ³ thá»ƒ tÃ¬m tháº¥y thá»±c Ä‘Æ¡n Ä‘á»‹nh vá»‹ nhÆ° thá»‹t gÃ  nÆ°á»›ng, vÃ  náº¿u may máº¯n, váº­t pháº©m theo mÃ¹a nhÆ° pho burger.",1,"vá»‹_trÃ­ kim_cÆ°Æ¡ng ngay bÃªn cáº¡nh há»“ hoan kiem trung_tÃ¢m cá»§a thÃ nh_phá»‘ . bÃªn cáº¡nh big mac Ä‘iá»ƒn_hÃ¬nh cá»§a báº¡n , báº¡n cÃ³_thá»ƒ tÃ¬m tháº¥y thá»±c_Ä‘Æ¡n Ä‘á»‹nh_vá»‹ nhÆ° thá»‹t gÃ  nÆ°á»›ng , vÃ  náº¿u may_máº¯n , váº­t_pháº©m theo mÃ¹a nhÆ° pho burger .","vá»‹_trÃ­ kim_cÆ°Æ¡ng ngay bÃªn cáº¡nh há»“ hoan kiem trung_tÃ¢m cá»§a thÃ nh_phá»‘ . bÃªn cáº¡nh big mac Ä‘iá»ƒn_hÃ¬nh cá»§a báº¡n , báº¡n cÃ³_thá»ƒ tÃ¬m tháº¥y thá»±c_Ä‘Æ¡n Ä‘á»‹nh_vá»‹ nhÆ° thá»‹t gÃ  nÆ°á»›ng , vÃ  náº¿u may_máº¯n , váº­t_pháº©m theo mÃ¹a nhÆ° pho burger .",vá»‹_trÃ­ kim_cÆ°Æ¡ng cáº¡nh há»“ hoan kiem trung_tÃ¢m thÃ nh_phá»‘ cáº¡nh big mac Ä‘iá»ƒn_hÃ¬nh cÃ³_thá»ƒ thá»±c_Ä‘Æ¡n Ä‘á»‹nh_vá»‹ thá»‹t gÃ  nÆ°á»›ng may_máº¯n váº­t_pháº©m mÃ¹a burger
nhiá»u loáº¡i nÆ°á»›c sá»‘t,1,nhiá»u loáº¡i nÆ°á»›c sá»‘t,nhiá»u loáº¡i nÆ°á»›c sá»‘t,sá»‘t
Ä‘iá»ƒm dá»«ng chÃ¢n tuyá»‡t vá»i cho khÃ¡ch du lá»‹ch. dá»… dÃ ng gá»i má»™t cuá»™c gá»i vÃ¬ nÃ³ cÅ©ng ráº¥t thuáº­n tiá»‡n.,1,Ä‘iá»ƒm dá»«ng chÃ¢n tuyá»‡t_vá»i cho khÃ¡ch du_lá»‹ch . dá»…_dÃ ng gá»i má»™t cuá»™c_gá»i vÃ¬ nÃ³ cÅ©ng ráº¥t thuáº­n_tiá»‡n .,Ä‘iá»ƒm dá»«ng chÃ¢n tuyá»‡t_vá»i cho khÃ¡ch du_lá»‹ch . dá»…_dÃ ng gá»i má»™t cuá»™c_gá»i vÃ¬ nÃ³ cÅ©ng ráº¥t thuáº­n_tiá»‡n .,dá»«ng chÃ¢n tuyá»‡t_vá»i du_lá»‹ch dá»…_dÃ ng gá»i cuá»™c_gá»i thuáº­n_tiá»‡n
mc donalds bÃ¬nh thÆ°á»ng. cháº¥t lÆ°á»£ng á»•n Ä‘á»‹nh. khÃ´ng quÃ¡ báº­n rá»™n táº¡i má»™t thá»i Ä‘iá»ƒm.,1,mc donalds bÃ¬nh_thÆ°á»ng . cháº¥t_lÆ°á»£ng á»•n_Ä‘á»‹nh . khÃ´ng quÃ¡ báº­n_rá»™n táº¡i má»™t thá»i_Ä‘iá»ƒm .,mc donalds bÃ¬nh_thÆ°á»ng . cháº¥t_lÆ°á»£ng á»•n_Ä‘á»‹nh . khÃ´ng quÃ¡ báº­n_rá»™n táº¡i má»™t thá»i_Ä‘iá»ƒm .,mc donalds bÃ¬nh_thÆ°á»ng cháº¥t_lÆ°á»£ng á»•n_Ä‘á»‹nh báº­n_rá»™n thá»i_Ä‘iá»ƒm
nhÃ¢n viÃªn phá»¥c vá»¥ tá»‘t,1,nhÃ¢n_viÃªn phá»¥c_vá»¥ tá»‘t,nhÃ¢n_viÃªn phá»¥c_vá»¥ tá»‘t,nhÃ¢n_viÃªn phá»¥c_vá»¥
"quÃ¡n náº±m ngay vÃ²ng xoay Ä‘iá»‡n biÃªn phá»§, hÆ°á»›ng q1 vá» bÃ¬nh tháº¡nh. há»‡ thá»‘ng mcdonald, quÃ¡n cÃ³ 2 táº§ng, khÃ´ng gian rá»™ng rÃ£i, sáº¯p xáº¿p gháº¿ phÃ¹ há»£p thÃ­ch gÃ  vá»›i kem á»Ÿ Ä‘Ã¢y ghÃª",1,"quÃ¡n náº±m ngay vÃ²ng xoay Ä‘iá»‡n_biÃªn_phá»§ , hÆ°á»›ng q1 vá» bÃ¬nh_tháº¡nh . há»‡_thá»‘ng mcdonald , quÃ¡n cÃ³ 2 táº§ng , khÃ´ng_gian rá»™ng_rÃ£i , sáº¯p_xáº¿p gháº¿ phÃ¹_há»£p thÃ­ch gÃ  vá»›i kem á»Ÿ Ä‘Ã¢y ghÃª","quÃ¡n náº±m ngay vÃ²ng xoay Ä‘iá»‡n_biÃªn_phá»§ , hÆ°á»›ng q1 vá» bÃ¬nh_tháº¡nh . há»‡_thá»‘ng mcdonald , quÃ¡n cÃ³ 2 táº§ng , khÃ´ng_gian rá»™ng_rÃ£i , sáº¯p_xáº¿p gháº¿ phÃ¹_há»£p thÃ­ch gÃ  vá»›i kem á»Ÿ Ä‘Ã¢y ghÃª",quÃ¡n náº±m vÃ²ng xoay Ä‘iá»‡n_biÃªn_phá»§ hÆ°á»›ng q1 bÃ¬nh_tháº¡nh há»‡_thá»‘ng mcdonald quÃ¡n 2 táº§ng khÃ´ng_gian rá»™ng_rÃ£i sáº¯p_xáº¿p gháº¿ phÃ¹_há»£p gÃ  kem ghÃª
quÃ¡n ngon,1,quÃ¡n ngon,quÃ¡n ngon,quÃ¡n ngon
xem ra cho tá»•n thÆ°Æ¡ng Ä‘Æ°á»ng ruá»™t vá»‡ sinh Ä‘á»ƒ xem xÃ©t nghiÃªm tÃºc.,0,xem_ra cho tá»•n_thÆ°Æ¡ng Ä‘Æ°á»ng ruá»™t vá»‡_sinh Ä‘á»ƒ xem_xÃ©t nghiÃªm_tÃºc .,xem_ra cho tá»•n_thÆ°Æ¡ng Ä‘Æ°á»ng ruá»™t vá»‡_sinh Ä‘á»ƒ xem_xÃ©t nghiÃªm_tÃºc .,xem_ra tá»•n_thÆ°Æ¡ng Ä‘Æ°á»ng ruá»™t vá»‡_sinh xem_xÃ©t nghiÃªm_tÃºc
lÃ m quÃ¡ lÃ¢u,0,lÃ m quÃ¡ lÃ¢u,lÃ m quÃ¡ lÃ¢u,
mcdonald á»Ÿ viá»‡t nam Ã­t ngon hÆ¡n Ä‘Ã i loan vÃ  giÃ¡ khÃ´ng ráº» hÆ¡n.,0,mcdonald á»Ÿ viá»‡t_nam Ã­t ngon hÆ¡n Ä‘Ã i_loan vÃ  giÃ¡ khÃ´ng ráº» hÆ¡n .,mcdonald á»Ÿ viá»‡t_nam Ã­t ngon hÆ¡n Ä‘Ã i_loan vÃ  giÃ¡ khÃ´ng ráº» hÆ¡n .,mcdonald viá»‡t_nam ngon Ä‘Ã i_loan giÃ¡ ráº»
"quÃ¡n Ä‘áº¹p nhÆ°ng trÃªn láº§u ráº¥t ráº¥t á»“n, má»Ÿ nháº¡c ráº¥t lÃ  to luÃ´n dÃ¹ mÃ¬nh Ä‘Ã£ Ä‘eo tai nghe váº«n cÃ²n á»“n phÃ²ng tá»• chá»©c tiá»‡c sinh nháº­t khÃ´ng cÃ¡ch Ã¢m Ä‘á»ƒ nháº¡c láº¥n ra ngoÃ i Ã¢m thanh há»•n táº¡p . mÃ¬nh Ä‘i Äƒn gÃ  nhÆ°ng cá»© ngá»¡ Ä‘i tiá»‡c cÆ°á»›i á»Ÿ dÆ°á»›i quÃª",0,"quÃ¡n Ä‘áº¹p nhÆ°ng trÃªn láº§u ráº¥t ráº¥t á»“n , má»Ÿ nháº¡c ráº¥t lÃ  to luÃ´n dÃ¹ mÃ¬nh Ä‘Ã£ Ä‘eo tai nghe váº«n cÃ²n á»“n phÃ²ng tá»•_chá»©c tiá»‡c sinh_nháº­t khÃ´ng cÃ¡ch_Ã¢m Ä‘á»ƒ nháº¡c láº¥n ra ngoÃ i Ã¢m_thanh há»•n táº¡p . mÃ¬nh Ä‘i Äƒn gÃ  nhÆ°ng cá»© ngá»¡ Ä‘i tiá»‡c cÆ°á»›i á»Ÿ dÆ°á»›i quÃª","quÃ¡n Ä‘áº¹p nhÆ°ng trÃªn láº§u ráº¥t ráº¥t á»“n , má»Ÿ nháº¡c ráº¥t lÃ  to luÃ´n dÃ¹ mÃ¬nh Ä‘Ã£ Ä‘eo tai nghe váº«n cÃ²n á»“n phÃ²ng tá»•_chá»©c tiá»‡c sinh_nháº­t khÃ´ng cÃ¡ch_Ã¢m Ä‘á»ƒ nháº¡c láº¥n ra ngoÃ i Ã¢m_thanh há»•n táº¡p . mÃ¬nh Ä‘i Äƒn gÃ  nhÆ°ng cá»© ngá»¡ Ä‘i tiá»‡c cÆ°á»›i á»Ÿ dÆ°á»›i quÃª",quÃ¡n Ä‘áº¹p láº§u á»“n nháº¡c to Ä‘eo tai á»“n phÃ²ng tá»•_chá»©c tiá»‡c sinh_nháº­t cÃ¡ch_Ã¢m nháº¡c láº¥n Ã¢m_thanh há»•n táº¡p gÃ  ngá»¡ tiá»‡c cÆ°á»›i quÃª
"ráº¥t nÃ³ng khi lÃªn láº§u chÃºng tÃ´i cÃ³ 2 con nhá» vÃ  ngá»“i 2 khu vá»±c khÃ¡c nhau Ä‘á»u ráº¥t nÃ³ng. chi tráº£ 1 bá»¯a Äƒn á»Ÿ Ä‘Ã¢y kg Ã­t tiá»n, nhÆ°ng nháº­n láº¡i sá»± oi bá»©c nhÆ° quÃ¡n lá» Ä‘Æ°á»ng thÃ¬ pháº£i xem láº¡i",0,"ráº¥t nÃ³ng khi lÃªn láº§u chÃºng_tÃ´i cÃ³ 2 con_nhá» vÃ  ngá»“i 2 khu_vá»±c khÃ¡c nhau Ä‘á»u ráº¥t nÃ³ng . chi_tráº£ 1 bá»¯a Äƒn_á»Ÿ Ä‘Ã¢y kg Ã­t tiá»n , nhÆ°ng nháº­n láº¡i sá»± oi_bá»©c nhÆ° quÃ¡n lá»_Ä‘Æ°á»ng thÃ¬ pháº£i xem_láº¡i","ráº¥t nÃ³ng khi lÃªn láº§u chÃºng_tÃ´i cÃ³ 2 con_nhá» vÃ  ngá»“i 2 khu_vá»±c khÃ¡c nhau Ä‘á»u ráº¥t nÃ³ng . chi_tráº£ 1 bá»¯a Äƒn_á»Ÿ Ä‘Ã¢y kg Ã­t tiá»n , nhÆ°ng nháº­n láº¡i sá»± oi_bá»©c nhÆ° quÃ¡n lá»_Ä‘Æ°á»ng thÃ¬ pháº£i xem_láº¡i",nÃ³ng láº§u chÃºng_tÃ´i 2 con_nhá» 2 khu_vá»±c nÃ³ng chi_tráº£ 1 Äƒn_á»Ÿ kg tiá»n oi_bá»©c quÃ¡n lá»_Ä‘Æ°á»ng xem_láº¡i
"ráº¥t báº©n vÃ  cÃ³ mÃ¹i trong nhÃ  vá»‡ sinh, bÃ£i Ä‘áº­u xe Ä‘á»ƒ mua sáº¯m khÃ´ng cÃ³ mÆ°a",0,"ráº¥t báº©n vÃ  cÃ³ mÃ¹i trong nhÃ _vá»‡_sinh , bÃ£i Ä‘áº­u xe Ä‘á»ƒ mua_sáº¯m khÃ´ng cÃ³ mÆ°a","ráº¥t báº©n vÃ  cÃ³ mÃ¹i trong nhÃ _vá»‡_sinh , bÃ£i Ä‘áº­u xe Ä‘á»ƒ mua_sáº¯m khÃ´ng cÃ³ mÆ°a",báº©n mÃ¹i nhÃ _vá»‡_sinh bÃ£i Ä‘áº­u xe mua_sáº¯m mÆ°a
Ä‘áº¯t vÃ£i,0,Ä‘áº¯t vÃ£i,Ä‘áº¯t vÃ£i,Ä‘áº¯t vÃ£i
"dá»‹ch vá»¥ cá»§a mcdonald khÃ´ng tá»‘t nhá»¯ng ngÃ y nÃ y. nÃ³ sáº½ pháº£i chá» khÃ¡ lÃ¢u vÃ  gÃ¢y ra lá»—i trong sáº£n pháº©m. dá»‹ch vá»¥ nÃ y ráº¥t tá»‘t vÃ  dá»‹ch vá»¥ nÃ y tá»‘t trong quÃ¡ khá»©, nhÆ°ng ngÃ y nay nÃ³ khÃ¡ tá»‡.",0,"dá»‹ch_vá»¥ cá»§a mcdonald khÃ´ng tá»‘t nhá»¯ng ngÃ y nÃ y . nÃ³ sáº½ pháº£i chá» khÃ¡ lÃ¢u vÃ  gÃ¢y ra lá»—i trong sáº£n_pháº©m . dá»‹ch_vá»¥ nÃ y ráº¥t tá»‘t vÃ  dá»‹ch_vá»¥ nÃ y tá»‘t trong quÃ¡_khá»© , nhÆ°ng ngÃ y_nay nÃ³ khÃ¡ tá»‡ .","dá»‹ch_vá»¥ cá»§a mcdonald khÃ´ng tá»‘t nhá»¯ng ngÃ y nÃ y . nÃ³ sáº½ pháº£i chá» khÃ¡ lÃ¢u vÃ  gÃ¢y ra lá»—i trong sáº£n_pháº©m . dá»‹ch_vá»¥ nÃ y ráº¥t tá»‘t vÃ  dá»‹ch_vá»¥ nÃ y tá»‘t trong quÃ¡_khá»© , nhÆ°ng ngÃ y_nay nÃ³ khÃ¡ tá»‡ .",dá»‹ch_vá»¥ mcdonald chá» lá»—i sáº£n_pháº©m dá»‹ch_vá»¥ dá»‹ch_vá»¥ quÃ¡_khá»© ngÃ y_nay tá»‡
"chá»‰ á»Ÿ viá»‡t nam, há» má»›i cÃ³ thá»ƒ lÃ m thá»©c Äƒn nhanh, Ä‘iá»u nÃ y tháº­m chÃ­ cÃ²n khÃ´ng báº­n rá»™n vÃ  tÃ´i Ä‘ang Ä‘á»£i 20 phÃºt cho má»™t mÃ³n phÃ´ mai",0,"chá»‰ á»Ÿ viá»‡t_nam , há» má»›i cÃ³_thá»ƒ lÃ m thá»©c_Äƒn nhanh , Ä‘iá»u nÃ y tháº­m_chÃ­ cÃ²n khÃ´ng báº­n_rá»™n vÃ  tÃ´i Ä‘ang Ä‘á»£i 20 phÃºt cho má»™t mÃ³n phÃ´_mai","chá»‰ á»Ÿ viá»‡t_nam , há» má»›i cÃ³_thá»ƒ lÃ m thá»©c_Äƒn nhanh , Ä‘iá»u nÃ y tháº­m_chÃ­ cÃ²n khÃ´ng báº­n_rá»™n vÃ  tÃ´i Ä‘ang Ä‘á»£i 20 phÃºt cho má»™t mÃ³n phÃ´_mai",viá»‡t_nam cÃ³_thá»ƒ thá»©c_Äƒn tháº­m_chÃ­ báº­n_rá»™n Ä‘á»£i 20 phÃºt mÃ³n phÃ´_mai
"quÃ¡n lÃ m Ä‘Æ¡n cho xáº¿ ráº¥t lÃ¢u. gá»i tá»•ng Ä‘Ã i , tá»•ng Ä‘Ã i báº£o Ä‘á»£i Ä‘á»“ mang ra. Ä‘á»£i 1520p chÆ°a tháº¥y Ä‘Ã¢u. pháº£i 1 xáº¿ trÃ´ng xe 1 xáº¿ vÃ o láº¥y. nÃ³i chung lÃ  tá»‡",0,"quÃ¡n lÃ m Ä‘Æ¡n cho xáº¿ ráº¥t lÃ¢u . gá»i tá»•ng_Ä‘Ã i , tá»•ng_Ä‘Ã i báº£o Ä‘á»£i Ä‘á»“ mang ra . Ä‘á»£i 1520p chÆ°a tháº¥y Ä‘Ã¢u . pháº£i 1 xáº¿ trÃ´ng xe 1 xáº¿ vÃ o láº¥y . nÃ³i_chung lÃ  tá»‡","quÃ¡n lÃ m Ä‘Æ¡n cho xáº¿ ráº¥t lÃ¢u . gá»i tá»•ng_Ä‘Ã i , tá»•ng_Ä‘Ã i báº£o Ä‘á»£i Ä‘á»“ mang ra . Ä‘á»£i 1520p chÆ°a tháº¥y Ä‘Ã¢u . pháº£i 1 xáº¿ trÃ´ng xe 1 xáº¿ vÃ o láº¥y . nÃ³i_chung lÃ  tá»‡",quÃ¡n Ä‘Æ¡n xáº¿ gá»i tá»•ng_Ä‘Ã i tá»•ng_Ä‘Ã i báº£o Ä‘á»£i Ä‘á»“ Ä‘á»£i 1520p 1 xáº¿ trÃ´ng xe 1 xáº¿ nÃ³i_chung tá»‡
"mÃ¬nh báº£o khÃ´ng cay 2 Ä‘Ã¹i mÃ  nhi nháº­n lÃ  lÃ  cay, 1 Ä‘Ã¹i 1 cÃ¡nh. hamburger khÃ´ng Ä‘Æ°á»£c nÃ³ng vÃ  cÃ³ mÃ¹i hÆ¡i cÅ©. chá»‰ Ä‘Æ°á»£c má»—i khoai tÃ¢y chiÃªn vÃ  nhiá»u loáº¡i sá»‘t cháº¥m",0,"mÃ¬nh báº£o khÃ´ng cay 2 Ä‘Ã¹i mÃ  nhi nháº­n lÃ _lÃ  cay , 1 Ä‘Ã¹i 1 cÃ¡nh . hamburger khÃ´ng Ä‘Æ°á»£c nÃ³ng vÃ  cÃ³ mÃ¹i hÆ¡i cÅ© . chá»‰ Ä‘Æ°á»£c má»—i khoai_tÃ¢y chiÃªn vÃ  nhiá»u loáº¡i sá»‘t cháº¥m","mÃ¬nh báº£o khÃ´ng cay 2 Ä‘Ã¹i mÃ  nhi nháº­n lÃ _lÃ  cay , 1 Ä‘Ã¹i 1 cÃ¡nh . hamburger khÃ´ng Ä‘Æ°á»£c nÃ³ng vÃ  cÃ³ mÃ¹i hÆ¡i cÅ© . chá»‰ Ä‘Æ°á»£c má»—i khoai_tÃ¢y chiÃªn vÃ  nhiá»u loáº¡i sá»‘t cháº¥m",báº£o cay 2 Ä‘Ã¹i nhi lÃ _lÃ  cay 1 Ä‘Ã¹i 1 cÃ¡nh hamburger nÃ³ng mÃ¹i hÆ¡i cÅ© khoai_tÃ¢y chiÃªn sá»‘t cháº¥m
"trong mcdonalds, há» cho tÃ³c Äƒn.",0,"trong mcdonalds , há» cho tÃ³c Äƒn .","trong mcdonalds , há» cho tÃ³c Äƒn .",mcdonalds tÃ³c
"thÃ¡i Ä‘á»™ nhÃ¢n viÃªn xem thÆ°á»ng shipper. giao thiáº¿u vÃ  cÃ²n nháº§m Ä‘á»“ Äƒn cho khÃ¡ch, gá»i Ä‘iá»‡n thoáº¡i láº¡i thÃ¬ Ä‘Æ°á»£c há»— trá»£ viÃªn tráº£ lá»i bÃªn e khÃ´ng cÃ³ liÃªn káº¿t bÃªn e khÃ´ng cÃ³ trÃ¡ch nhiá»‡m bla bla... Ä‘áº·t trÆ°á»ng há»£p tÃ´i khÃ´ng pháº£i lÃ  shipper mÃ  lÃ  khÃ¡ch hÃ ng thÃ¬ cty báº¡n ship nháº§m Ä‘á»“ Äƒn cho khÃ¡ch thÃ¬ cty báº¡n cÅ©ng pháº£i mang vá» Ä‘á»•i tráº£ láº¡i Ä‘á»ƒ giao khÃ¡ch chá»© Ä‘Ã¢u nÃ³i chuyá»‡n kiá»ƒu phá»§i trÃ¡ch nhiá»‡m nhÆ° váº­y Ä‘Æ°á»£c. khÃ´ng ngá» 1 thÆ°Æ¡ng hiá»‡u lá»›n váº­y láº¡i cÃ³ cÃ¡ch lÃ m viá»‡c ráº¥t thiáº¿u chuyÃªn nghiá»‡p. bÃ³ tay.",0,"thÃ¡i_Ä‘á»™ nhÃ¢n_viÃªn xem_thÆ°á»ng shipper . giao thiáº¿u vÃ  cÃ²n nháº§m Ä‘á»“_Äƒn cho khÃ¡ch , gá»i Ä‘iá»‡n_thoáº¡i láº¡i thÃ¬ Ä‘Æ°á»£c há»—_trá»£_viÃªn tráº£_lá»i bÃªn e khÃ´ng cÃ³ liÃªn_káº¿t bÃªn e khÃ´ng cÃ³ trÃ¡ch_nhiá»‡m bla bla ... Ä‘áº·t trÆ°á»ng_há»£p tÃ´i khÃ´ng pháº£i lÃ  shipper mÃ  lÃ  khÃ¡ch_hÃ ng thÃ¬ cty báº¡n ship nháº§m Ä‘á»“_Äƒn cho khÃ¡ch thÃ¬ cty báº¡n cÅ©ng pháº£i mang vá» Ä‘á»•i tráº£ láº¡i Ä‘á»ƒ giao khÃ¡ch chá»© Ä‘Ã¢u nÃ³i_chuyá»‡n kiá»ƒu phá»§i trÃ¡ch_nhiá»‡m nhÆ°_váº­y Ä‘Æ°á»£c . khÃ´ng ngá» 1 thÆ°Æ¡ng_hiá»‡u lá»›n váº­y láº¡i cÃ³ cÃ¡ch lÃ m_viá»‡c ráº¥t thiáº¿u chuyÃªn_nghiá»‡p . bÃ³_tay .","thÃ¡i_Ä‘á»™ nhÃ¢n_viÃªn xem_thÆ°á»ng shipper . giao thiáº¿u vÃ  cÃ²n nháº§m Ä‘á»“_Äƒn cho khÃ¡ch , gá»i Ä‘iá»‡n_thoáº¡i láº¡i thÃ¬ Ä‘Æ°á»£c há»—_trá»£_viÃªn tráº£_lá»i bÃªn e khÃ´ng cÃ³ liÃªn_káº¿t bÃªn e khÃ´ng cÃ³ trÃ¡ch_nhiá»‡m bla bla ... Ä‘áº·t trÆ°á»ng_há»£p tÃ´i khÃ´ng pháº£i lÃ  shipper mÃ  lÃ  khÃ¡ch_hÃ ng thÃ¬ cty báº¡n ship nháº§m Ä‘á»“_Äƒn cho khÃ¡ch thÃ¬ cty báº¡n cÅ©ng pháº£i mang vá» Ä‘á»•i tráº£ láº¡i Ä‘á»ƒ giao khÃ¡ch chá»© Ä‘Ã¢u nÃ³i_chuyá»‡n kiá»ƒu phá»§i trÃ¡ch_nhiá»‡m nhÆ°_váº­y Ä‘Æ°á»£c . khÃ´ng ngá» 1 thÆ°Æ¡ng_hiá»‡u lá»›n váº­y láº¡i cÃ³ cÃ¡ch lÃ m_viá»‡c ráº¥t thiáº¿u chuyÃªn_nghiá»‡p . bÃ³_tay .",thÃ¡i_Ä‘á»™ nhÃ¢n_viÃªn xem_thÆ°á»ng shipper giao nháº§m Ä‘á»“_Äƒn gá»i Ä‘iá»‡n_thoáº¡i há»—_trá»£_viÃªn tráº£_lá»i e liÃªn_káº¿t e trÃ¡ch_nhiá»‡m bla bla ... trÆ°á»ng_há»£p shipper khÃ¡ch_hÃ ng cty ship nháº§m Ä‘á»“_Äƒn cty Ä‘á»•i giao nÃ³i_chuyá»‡n phá»§i trÃ¡ch_nhiá»‡m nhÆ°_váº­y ngá» 1 thÆ°Æ¡ng_hiá»‡u lÃ m_viá»‡c chuyÃªn_nghiá»‡p bÃ³_tay
nhÆ°ng áº¥n tÆ°á»£ng bá»Ÿi dá»‹ch vá»¥,0,nhÆ°ng áº¥n_tÆ°á»£ng bá»Ÿi dá»‹ch_vá»¥,nhÆ°ng áº¥n_tÆ°á»£ng bá»Ÿi dá»‹ch_vá»¥,áº¥n_tÆ°á»£ng dá»‹ch_vá»¥
"cÆ¡ sá»Ÿ váº­t cháº¥t xuá»‘ng cáº¥p, quÃ¡ á»“n.",0,"cÆ¡_sá»Ÿ váº­t_cháº¥t xuá»‘ng_cáº¥p , quÃ¡ á»“n .","cÆ¡_sá»Ÿ váº­t_cháº¥t xuá»‘ng_cáº¥p , quÃ¡ á»“n .",cÆ¡_sá»Ÿ váº­t_cháº¥t xuá»‘ng_cáº¥p á»“n
hamburger cÃ³ vá»‹ ã… ã… ,2,hamburger cÃ³ vá»‹ ã… ã… ,hamburger cÃ³ vá»‹ ã… ã… ,hamburger vá»‹ ã… ã… 
"Ä‘Ã´ Äƒn nhanh. Äƒn cung ngon. phuc vu cham, chÆ°a tÃ´t. nhÆ°ng khu rÆ°a tay rÃ¢t tÃª. lÃ¢n nao tÃ´i Ä‘Ãªn cung thÃ¢y nÆ°Æ¡c Æ°Æ¡t nhep ca san. voi cam Æ°ng chÄƒc lÄƒp lÃ¢u qua rÃ´i nÃªn mai mÆ¡i cam Æ°ng Ä‘Æ°Æ¡c. bÃ´n rÆ°a hÆ¡i cao, voi rÆ°a hÆ¡i sÃ¢u so vÆ¡i tÃ¢m vÆ¡i cua cac ban nho dÆ°Æ¡i 10 tuÃ´i.",2,"Ä‘Ã´ Äƒn nhanh . Äƒn cung ngon . phuc vu cham , chÆ°a tÃ´t . nhÆ°ng khu rÆ°a tay rÃ¢t tÃª . lÃ¢n nao tÃ´i Ä‘Ãªn cung thÃ¢y nÆ°Æ¡c Æ°Æ¡t nhep ca san . voi cam Æ°ng chÄƒc lÄƒp lÃ¢u qua rÃ´i nÃªn mai mÆ¡i cam Æ°ng Ä‘Æ°Æ¡c . bÃ´n rÆ°a hÆ¡i cao , voi rÆ°a hÆ¡i sÃ¢u so vÆ¡i tÃ¢m vÆ¡i cua cac ban nho dÆ°Æ¡i 10 tuÃ´i .","Ä‘Ã´ Äƒn nhanh . Äƒn cung ngon . phuc vu cham , chÆ°a tÃ´t . nhÆ°ng khu rÆ°a tay rÃ¢t tÃª . lÃ¢n nao tÃ´i Ä‘Ãªn cung thÃ¢y nÆ°Æ¡c Æ°Æ¡t nhep ca san . voi cam Æ°ng chÄƒc lÄƒp lÃ¢u qua rÃ´i nÃªn mai mÆ¡i cam Æ°ng Ä‘Æ°Æ¡c . bÃ´n rÆ°a hÆ¡i cao , voi rÆ°a hÆ¡i sÃ¢u so vÆ¡i tÃ¢m vÆ¡i cua cac ban nho dÆ°Æ¡i 10 tuÃ´i .",Ä‘Ã´ cung ngon phuc vu cham tÃ´t khu rÆ°a rÃ¢t tÃª lÃ¢n nao Ä‘Ãªn cung thÃ¢y nÆ°Æ¡c Æ°Æ¡t nhep ca san voi cam Æ°ng chÄƒc lÄƒp rÃ´i mai mÆ¡i cam Æ°ng Ä‘Æ°Æ¡c bÃ´n rÆ°a hÆ¡i voi rÆ°a hÆ¡i sÃ¢u vÆ¡i tÃ¢m vÆ¡i cua cac ban nho dÆ°Æ¡i 10 tuÃ´i
cÃ¡c nhÃ¢n viÃªn ráº¥t há»¯u Ã­ch vÃ  Ä‘áº·t hÃ ng dá»… dÃ ng vá»›i nhiá»u lá»±a chá»n chá»— ngá»“i. nhÆ°ng omg phÃ²ng vá»‡ sinh lÃ  ráº¥t khÃ³ chá»‹u.,2,cÃ¡c nhÃ¢n_viÃªn ráº¥t há»¯u_Ã­ch vÃ  Ä‘áº·t_hÃ ng dá»…_dÃ ng vá»›i nhiá»u lá»±a_chá»n chá»— ngá»“i . nhÆ°ng omg phÃ²ng_vá»‡ sinh lÃ  ráº¥t khÃ³_chá»‹u .,cÃ¡c nhÃ¢n_viÃªn ráº¥t há»¯u_Ã­ch vÃ  Ä‘áº·t_hÃ ng dá»…_dÃ ng vá»›i nhiá»u lá»±a_chá»n chá»— ngá»“i . nhÆ°ng omg phÃ²ng_vá»‡ sinh lÃ  ráº¥t khÃ³_chá»‹u .,nhÃ¢n_viÃªn há»¯u_Ã­ch Ä‘áº·t_hÃ ng dá»…_dÃ ng lá»±a_chá»n chá»— omg phÃ²ng_vá»‡ sinh khÃ³_chá»‹u
tÃ´i Ä‘Ã£ Ä‘i Äƒn trong cá»­a hÃ ng vÃ  láº¥y ra do infi vÃ o cuá»‘i tuáº§n.,2,tÃ´i Ä‘Ã£ Ä‘i Äƒn trong cá»­a_hÃ ng vÃ  láº¥y ra do infi vÃ o cuá»‘i tuáº§n .,tÃ´i Ä‘Ã£ Ä‘i Äƒn trong cá»­a_hÃ ng vÃ  láº¥y ra do infi vÃ o cuá»‘i tuáº§n .,cá»­a_hÃ ng infi
mÃ´i trÆ°á»ng tá»‘t,2,mÃ´i_trÆ°á»ng tá»‘t,mÃ´i_trÆ°á»ng tá»‘t,mÃ´i_trÆ°á»ng
"Ä‘á»‘i vá»›i má»™t nÆ¡i thá»©c Äƒn nhanh, nÃ³ lÃ  loáº¡i cháº­m theo quan Ä‘iá»ƒm cá»§a tÃ´i. cÃ³ láº½ hÃ´m nay lÃ  má»™t chÃºt Ä‘Ã´ng Ä‘Ãºc vÃ  há» cÃ³ thá»ƒ bá»‹ thiáº¿u. Ä‘á»‘i vá»›i viá»‡c tiáº¿p nháº­n Ä‘áº·t hÃ ng, há» Ä‘Ã£ lÃ m viá»‡c khÃ¡ cháº­m, vá»›i viá»‡c Ä‘áº·t hÃ ng qua mÃ n hÃ¬nh hoáº·c chá» xáº¿p hÃ ng. ngoÃ i ra, thá»±c pháº©m lÃ  tá»‘t cho giÃ¡ cá»§a nÃ³. tuy nhiÃªn, báº¡n váº«n cÃ³ thá»ƒ nháº­n Ä‘Æ°á»£c má»™t cÃ¡i gÃ¬ Ä‘Ã³ khÃ¡c tá»‘t hÆ¡n nhiá»u hoáº·c tháº­m chÃ­ vá»›i tá»· lá»‡ lá»›n hÆ¡n á»Ÿ má»™t nÆ¡i khÃ¡c vÃ  tháº­m chÃ­ cÅ©ng cÃ³ thá»ƒ ráº» hÆ¡n. vá»›i Ä‘iá»u Ä‘Ã³ Ä‘Ã£ Ä‘Æ°á»£c nÃ³i, cháº¥t lÆ°á»£ng thá»±c pháº©m lÃ  tá»‘t vÃ  pháº§n lÃ  Ä‘á»§. phÃª bÃ¬nh lá»›n nháº¥t sáº½ lÃ  sá»± sáº¡ch sáº½, máº·c dÃ¹. Ä‘Ã´i khi nÃ³ cÃ³ thá»ƒ trÃ´ng hÆ¡i cáº©u tháº£ vÃ  báº©n. tÃ´i biáº¿t ráº±ng cÃ¡c nhÃ¢n viÃªn cháº¯c cháº¯n lÃ m tá»‘t cÃ´ng viá»‡c cá»§a há» nhÆ°ng Ä‘Ã´i khi, háº§u háº¿t cÃ¡c má»› há»—n Ä‘á»™n Ä‘Æ°á»£c táº¡o ra bá»Ÿi khÃ¡ch hÃ ng chá»© khÃ´ng pháº£i do nhÃ¢n viÃªn lÆ°á»i biáº¿ng. nhÃ¬n chung, má»™t nÆ¡i tá»‘t Ä‘á»ƒ láº¥y má»™t bá»¯a Äƒn nhanh, tháº­m chÃ­ nÃ³ cÃ³ thá»ƒ khÃ´ng Ä‘á»§ nhanh. sáº¡ch á»Ÿ má»©c Ä‘á»™ vá»«a pháº£i vÃ  cÃ³ chá»— ngá»“i ngoÃ i trá»i náº¿u báº¡n khÃ´ng thÃ­ch khÃ´ng khÃ­ Ä‘iá»u hÃ²a khÃ´ng khÃ­.",2,"Ä‘á»‘i_vá»›i má»™t nÆ¡i thá»©c_Äƒn nhanh , nÃ³ lÃ  loáº¡i cháº­m theo quan_Ä‘iá»ƒm cá»§a tÃ´i . cÃ³_láº½ hÃ´m_nay lÃ  má»™t_chÃºt Ä‘Ã´ng_Ä‘Ãºc vÃ  há» cÃ³_thá»ƒ bá»‹ thiáº¿u . Ä‘á»‘i_vá»›i viá»‡c tiáº¿p_nháº­n Ä‘áº·t_hÃ ng , há» Ä‘Ã£ lÃ m_viá»‡c khÃ¡ cháº­m , vá»›i viá»‡c Ä‘áº·t_hÃ ng qua mÃ n_hÃ¬nh hoáº·c chá» xáº¿p_hÃ ng . ngoÃ i_ra , thá»±c_pháº©m lÃ  tá»‘t cho giÃ¡ cá»§a nÃ³ . tuy_nhiÃªn , báº¡n váº«n cÃ³_thá»ƒ nháº­n Ä‘Æ°á»£c má»™t_cÃ¡i gÃ¬ Ä‘Ã³ khÃ¡c tá»‘t hÆ¡n nhiá»u hoáº·c tháº­m_chÃ­ vá»›i tá»·_lá»‡ lá»›n hÆ¡n á»Ÿ má»™t nÆ¡i khÃ¡c vÃ  tháº­m_chÃ­ cÅ©ng cÃ³_thá»ƒ ráº» hÆ¡n . vá»›i Ä‘iá»u Ä‘Ã³ Ä‘Ã£ Ä‘Æ°á»£c nÃ³i , cháº¥t_lÆ°á»£ng thá»±c_pháº©m lÃ  tá»‘t vÃ  pháº§n lÃ  Ä‘á»§ . phÃª_bÃ¬nh lá»›n nháº¥t sáº½ lÃ  sá»± sáº¡ch_sáº½ , máº·c_dÃ¹ . Ä‘Ã´i_khi nÃ³ cÃ³_thá»ƒ trÃ´ng hÆ¡i cáº©u_tháº£ vÃ  báº©n . tÃ´i biáº¿t ráº±ng cÃ¡c nhÃ¢n_viÃªn cháº¯c_cháº¯n lÃ m tá»‘t cÃ´ng_viá»‡c cá»§a há» nhÆ°ng Ä‘Ã´i_khi , háº§u_háº¿t cÃ¡c má»› há»—n_Ä‘á»™n Ä‘Æ°á»£c táº¡o ra bá»Ÿi khÃ¡ch_hÃ ng chá»© khÃ´ng pháº£i do nhÃ¢n_viÃªn lÆ°á»i_biáº¿ng . nhÃ¬n_chung , má»™t nÆ¡i tá»‘t Ä‘á»ƒ láº¥y má»™t bá»¯a Äƒn nhanh , tháº­m_chÃ­ nÃ³ cÃ³_thá»ƒ khÃ´ng Ä‘á»§ nhanh . sáº¡ch á»Ÿ má»©c_Ä‘á»™ vá»«a_pháº£i vÃ  cÃ³ chá»— ngá»“i ngoÃ i_trá»i náº¿u báº¡n khÃ´ng thÃ­ch khÃ´ng_khÃ­ Ä‘iá»u_hoÃ _khÃ´ng_khÃ­ .","Ä‘á»‘i_vá»›i má»™t nÆ¡i thá»©c_Äƒn nhanh , nÃ³ lÃ  loáº¡i cháº­m theo quan_Ä‘iá»ƒm cá»§a tÃ´i . cÃ³_láº½ hÃ´m_nay lÃ  má»™t_chÃºt Ä‘Ã´ng_Ä‘Ãºc vÃ  há» cÃ³_thá»ƒ bá»‹ thiáº¿u . Ä‘á»‘i_vá»›i viá»‡c tiáº¿p_nháº­n Ä‘áº·t_hÃ ng , há» Ä‘Ã£ lÃ m_viá»‡c khÃ¡ cháº­m , vá»›i viá»‡c Ä‘áº·t_hÃ ng qua mÃ n_hÃ¬nh hoáº·c chá» xáº¿p_hÃ ng . ngoÃ i_ra , thá»±c_pháº©m lÃ  tá»‘t cho giÃ¡ cá»§a nÃ³ . tuy_nhiÃªn , báº¡n váº«n cÃ³_thá»ƒ nháº­n Ä‘Æ°á»£c má»™t_cÃ¡i gÃ¬ Ä‘Ã³ khÃ¡c tá»‘t hÆ¡n nhiá»u hoáº·c tháº­m_chÃ­ vá»›i tá»·_lá»‡ lá»›n hÆ¡n á»Ÿ má»™t nÆ¡i khÃ¡c vÃ  tháº­m_chÃ­ cÅ©ng cÃ³_thá»ƒ ráº» hÆ¡n . vá»›i Ä‘iá»u Ä‘Ã³ Ä‘Ã£ Ä‘Æ°á»£c nÃ³i , cháº¥t_lÆ°á»£ng thá»±c_pháº©m lÃ  tá»‘t vÃ  pháº§n lÃ  Ä‘á»§ . phÃª_bÃ¬nh lá»›n nháº¥t sáº½ lÃ  sá»± sáº¡ch_sáº½ , máº·c_dÃ¹ . Ä‘Ã´i_khi nÃ³ cÃ³_thá»ƒ trÃ´ng hÆ¡i cáº©u_tháº£ vÃ  báº©n . tÃ´i biáº¿t ráº±ng cÃ¡c nhÃ¢n_viÃªn cháº¯c_cháº¯n lÃ m tá»‘t cÃ´ng_viá»‡c cá»§a há» nhÆ°ng Ä‘Ã´i_khi , háº§u_háº¿t cÃ¡c má»› há»—n_Ä‘á»™n Ä‘Æ°á»£c táº¡o ra bá»Ÿi khÃ¡ch_hÃ ng chá»© khÃ´ng pháº£i do nhÃ¢n_viÃªn lÆ°á»i_biáº¿ng . nhÃ¬n_chung , má»™t nÆ¡i tá»‘t Ä‘á»ƒ láº¥y má»™t bá»¯a Äƒn nhanh , tháº­m_chÃ­ nÃ³ cÃ³_thá»ƒ khÃ´ng Ä‘á»§ nhanh . sáº¡ch á»Ÿ má»©c_Ä‘á»™ vá»«a_pháº£i vÃ  cÃ³ chá»— ngá»“i ngoÃ i_trá»i náº¿u báº¡n khÃ´ng thÃ­ch khÃ´ng_khÃ­ Ä‘iá»u_hoÃ _khÃ´ng_khÃ­ .",Ä‘á»‘i_vá»›i thá»©c_Äƒn cháº­m quan_Ä‘iá»ƒm cÃ³_láº½ hÃ´m_nay má»™t_chÃºt Ä‘Ã´ng_Ä‘Ãºc cÃ³_thá»ƒ Ä‘á»‘i_vá»›i tiáº¿p_nháº­n Ä‘áº·t_hÃ ng lÃ m_viá»‡c cháº­m Ä‘áº·t_hÃ ng mÃ n_hÃ¬nh chá» xáº¿p_hÃ ng ngoÃ i_ra thá»±c_pháº©m giÃ¡ tuy_nhiÃªn cÃ³_thá»ƒ má»™t_cÃ¡i tháº­m_chÃ­ tá»·_lá»‡ tháº­m_chÃ­ cÃ³_thá»ƒ ráº» cháº¥t_lÆ°á»£ng thá»±c_pháº©m phÃª_bÃ¬nh sáº¡ch_sáº½ máº·c_dÃ¹ Ä‘Ã´i_khi cÃ³_thá»ƒ trÃ´ng hÆ¡i cáº©u_tháº£ báº©n nhÃ¢n_viÃªn cháº¯c_cháº¯n cÃ´ng_viá»‡c Ä‘Ã´i_khi háº§u_háº¿t má»› há»—n_Ä‘á»™n khÃ¡ch_hÃ ng nhÃ¢n_viÃªn lÆ°á»i_biáº¿ng nhÃ¬n_chung tháº­m_chÃ­ cÃ³_thá»ƒ sáº¡ch má»©c_Ä‘á»™ vá»«a_pháº£i chá»— ngoÃ i_trá»i khÃ´ng_khÃ­ Ä‘iá»u_hoÃ _khÃ´ng_khÃ­
"Ä‘Ã£ 24 giá», vÃ¬ váº­y Ä‘Ã£ Ä‘áº¿n lÃºc Ä‘i Äƒn kem hoáº·c cÃ¡c bá»¯a Äƒn Ä‘Æ¡n giáº£n muá»™n. tÃ´i muá»‘n cho 5 sao cho hÆ°á»›ng dáº«n sá»­ dá»¥ng, nhÆ°ng má»—i láº§n tÃ´i pháº£i tá»• chá»©c rÃ¡c thá»±c pháº©m trÃªn bÃ n ngoÃ i trá»i, cÃ³ 3 sao.",2,"Ä‘Ã£ 24 giá» , vÃ¬_váº­y Ä‘Ã£ Ä‘áº¿n lÃºc Ä‘i Äƒn kem hoáº·c cÃ¡c bá»¯a Äƒn Ä‘Æ¡n_giáº£n muá»™n . tÃ´i muá»‘n cho 5 sao cho hÆ°á»›ng_dáº«n sá»­_dá»¥ng , nhÆ°ng má»—i láº§n tÃ´i pháº£i tá»•_chá»©c rÃ¡c thá»±c_pháº©m trÃªn bÃ n ngoÃ i_trá»i , cÃ³ 3 sao .","Ä‘Ã£ 24 giá» , vÃ¬_váº­y Ä‘Ã£ Ä‘áº¿n lÃºc Ä‘i Äƒn kem hoáº·c cÃ¡c bá»¯a Äƒn Ä‘Æ¡n_giáº£n muá»™n . tÃ´i muá»‘n cho 5 sao cho hÆ°á»›ng_dáº«n sá»­_dá»¥ng , nhÆ°ng má»—i láº§n tÃ´i pháº£i tá»•_chá»©c rÃ¡c thá»±c_pháº©m trÃªn bÃ n ngoÃ i_trá»i , cÃ³ 3 sao .",24 vÃ¬_váº­y kem Ä‘Æ¡n_giáº£n muá»™n 5 hÆ°á»›ng_dáº«n sá»­_dá»¥ng tá»•_chá»©c rÃ¡c thá»±c_pháº©m bÃ n ngoÃ i_trá»i 3
"vá»‹ trÃ­ thuáº­n tiá»‡n háº¹n hÃ² gáº·p gá»¡, nhiá»u chá»• Ä‘áº­u xe Ã´ tÃ´ vÃ  xe 2 bÃ¡nh táº£i app mcdonald Ä‘á»ƒ nháº­n thÃ´ng bÃ¡o khuyáº¿n mÃ£i",2,"vá»‹_trÃ­ thuáº­n_tiá»‡n háº¹n_hÃ² gáº·p_gá»¡ , nhiá»u chá»• Ä‘áº­u xe Ã´_tÃ´ vÃ  xe 2 bÃ¡nh táº£i app mcdonald Ä‘á»ƒ nháº­n thÃ´ng_bÃ¡o khuyáº¿n_mÃ£i","vá»‹_trÃ­ thuáº­n_tiá»‡n háº¹n_hÃ² gáº·p_gá»¡ , nhiá»u chá»• Ä‘áº­u xe Ã´_tÃ´ vÃ  xe 2 bÃ¡nh táº£i app mcdonald Ä‘á»ƒ nháº­n thÃ´ng_bÃ¡o khuyáº¿n_mÃ£i",vá»‹_trÃ­ thuáº­n_tiá»‡n háº¹n_hÃ² gáº·p_gá»¡ chá»• Ä‘áº­u xe Ã´_tÃ´ xe 2 bÃ¡nh táº£i app mcdonald thÃ´ng_bÃ¡o khuyáº¿n_mÃ£i
dj,2,dj,dj,dj
"tiá»‡n chá»— Ä‘á»ƒ xe, Ä‘á»“ Äƒn vÃ  nÆ°á»›c uá»‘ng quÃ¡ dá»Ÿ",2,"tiá»‡n chá»— Ä‘á»ƒ xe , Ä‘á»“_Äƒn vÃ  nÆ°á»›c uá»‘ng quÃ¡ dá»Ÿ","tiá»‡n chá»— Ä‘á»ƒ xe , Ä‘á»“_Äƒn vÃ  nÆ°á»›c uá»‘ng quÃ¡ dá»Ÿ",tiá»‡n chá»— xe Ä‘á»“_Äƒn uá»‘ng dá»Ÿ
quáº£n lÃ½,2,quáº£n_lÃ½,quáº£n_lÃ½,quáº£n_lÃ½
mcdonalds khÃ¡ giá»‘ng nhau á»Ÿ kháº¯p má»i nÆ¡i. tiÃªu chuáº©n há»£p lÃ½ trÃªn táº¥t cáº£ tÃ´i tin. dá»‹ch vá»¥ lÃ  tá»‘t. má»™t sá»‘ má»¥c menu khÃ¡c nhau má»™t chÃºt. nhiá»u lá»±a chá»n nÆ°á»›c sá»‘t hÆ¡n. khu vá»±c nhá» máº·c dÃ¹ váº­y cÃ³ thá»ƒ trá»Ÿ nÃªn Ä‘Ã´ng Ä‘Ãºc,2,mcdonalds khÃ¡ giá»‘ng nhau á»Ÿ kháº¯p má»i nÆ¡i . tiÃªu_chuáº©n há»£p_lÃ½ trÃªn táº¥t_cáº£ tÃ´i tin . dá»‹ch_vá»¥ lÃ  tá»‘t . má»™t_sá»‘ má»¥c menu khÃ¡c nhau má»™t_chÃºt . nhiá»u lá»±a_chá»n nÆ°á»›c sá»‘t hÆ¡n . khu_vá»±c nhá» máº·c_dÃ¹ váº­y cÃ³_thá»ƒ trá»Ÿ_nÃªn Ä‘Ã´ng_Ä‘Ãºc,mcdonalds khÃ¡ giá»‘ng nhau á»Ÿ kháº¯p má»i nÆ¡i . tiÃªu_chuáº©n há»£p_lÃ½ trÃªn táº¥t_cáº£ tÃ´i tin . dá»‹ch_vá»¥ lÃ  tá»‘t . má»™t_sá»‘ má»¥c menu khÃ¡c nhau má»™t_chÃºt . nhiá»u lá»±a_chá»n nÆ°á»›c sá»‘t hÆ¡n . khu_vá»±c nhá» máº·c_dÃ¹ váº­y cÃ³_thá»ƒ trá»Ÿ_nÃªn Ä‘Ã´ng_Ä‘Ãºc,mcdonalds kháº¯p tiÃªu_chuáº©n há»£p_lÃ½ táº¥t_cáº£ dá»‹ch_vá»¥ má»™t_sá»‘ má»¥c menu má»™t_chÃºt lá»±a_chá»n sá»‘t khu_vá»±c máº·c_dÃ¹ cÃ³_thá»ƒ Ä‘Ã´ng_Ä‘Ãºc
"chá»‰ cáº§n bÄƒng qua Ä‘Æ°á»ng Ä‘áº¿n bÆ°u Ä‘iá»‡n, sá»‘ 86 bus stop pháº£i trÆ°á»›c bÆ°u Ä‘iá»‡n, hÃ£y Ä‘áº¿n cáº£ng khÃ´ng khÃ­ quá»‘c táº¿ noi bai. giÃ¡ vÃ© cÃ³ giÃ¡ 35.0 vnd.",2,"chá»‰ cáº§n bÄƒng qua Ä‘Æ°á»ng Ä‘áº¿n bÆ°u_Ä‘iá»‡n , sá»‘ 86 bus stop pháº£i trÆ°á»›c bÆ°u_Ä‘iá»‡n , hÃ£y Ä‘áº¿n cáº£ng khÃ´ng_khÃ­ quá»‘c_táº¿ noi bai . giÃ¡ vÃ© cÃ³ giÃ¡ 35.0 vnd .","chá»‰ cáº§n bÄƒng qua Ä‘Æ°á»ng Ä‘áº¿n bÆ°u_Ä‘iá»‡n , sá»‘ 86 bus stop pháº£i trÆ°á»›c bÆ°u_Ä‘iá»‡n , hÃ£y Ä‘áº¿n cáº£ng khÃ´ng_khÃ­ quá»‘c_táº¿ noi bai . giÃ¡ vÃ© cÃ³ giÃ¡ 35.0 vnd .",bÄƒng Ä‘Æ°á»ng bÆ°u_Ä‘iá»‡n 86 bus stop bÆ°u_Ä‘iá»‡n cáº£ng khÃ´ng_khÃ­ quá»‘c_táº¿ noi bai giÃ¡ vÃ© giÃ¡ 35.0 vnd
"trÃ¡nh thá»© tÆ°, báº¡n sáº½ hiá»ƒu táº¡i sao ğŸ˜",2,"trÃ¡nh thá»© tÆ° , báº¡n sáº½ hiá»ƒu táº¡i_sao ğŸ˜","trÃ¡nh thá»© tÆ° , báº¡n sáº½ hiá»ƒu táº¡i_sao :khuÃ´n máº·t ráº¡ng rá»¡ vá»›i Ä‘Ã´i máº¯t cÆ°á»i:",tÆ° táº¡i_sao :khuÃ´n máº·t ráº¡ng rá»¡ Ä‘Ã´i máº¯t cÆ°á»i:
"cÃ³ quÃ¡ nhiá»u ngÆ°á»i vÃ o buá»•i tá»‘i. kiosk máº¥t nhiá»u thá»i gian Ä‘á»ƒ xem nÃ³ cÃ³ quen thuá»™c khÃ´ng. cÃ³ ráº¥t nhiá»u khÃ¡ch hÃ ng Ä‘áº¿n ná»—i nhÃ¢n viÃªn khÃ´ng thá»ƒ dá»n dáº¹p bÃ n. ngoÃ i ra cÃ²n thiáº¿u nÆ°á»›c sá»‘t, nhÆ°ng khÃ´ng náº¡p láº¡i. hamburger chá»‰ lÃ  má»™t mac lá»›n, nhÆ°ng patty dÆ°á»ng nhÆ° Ä‘Ã£ báº­t lÃ² vi sÃ³ng vÃ  kÃ­ch thÆ°á»›c bÃ¡nh mÃ¬ káº¹p thá»‹t hÆ¡i nhá». nhÆ°ng nÃ³ ráº» hÆ¡n má»™t chÃºt so vá»›i hÃ n quá»‘c.",2,"cÃ³ quÃ¡ nhiá»u ngÆ°á»i vÃ o buá»•i tá»‘i . kiosk máº¥t nhiá»u thá»i_gian Ä‘á»ƒ xem nÃ³ cÃ³ quen_thuá»™c khÃ´ng . cÃ³ ráº¥t nhiá»u khÃ¡ch_hÃ ng Ä‘áº¿n_ná»—i nhÃ¢n_viÃªn khÃ´ng_thá»ƒ dá»n_dáº¹p bÃ n . ngoÃ i_ra cÃ²n thiáº¿u nÆ°á»›c sá»‘t , nhÆ°ng khÃ´ng náº¡p láº¡i . hamburger chá»‰ lÃ  má»™t mac lá»›n , nhÆ°ng patty dÆ°á»ng_nhÆ° Ä‘Ã£ báº­t lÃ²_vi_sÃ³ng vÃ  kÃ­ch_thÆ°á»›c bÃ¡nh_mÃ¬ káº¹p thá»‹t hÆ¡i nhá» . nhÆ°ng nÃ³ ráº» hÆ¡n má»™t_chÃºt so vá»›i hÃ n_quá»‘c .","cÃ³ quÃ¡ nhiá»u ngÆ°á»i vÃ o buá»•i tá»‘i . kiosk máº¥t nhiá»u thá»i_gian Ä‘á»ƒ xem nÃ³ cÃ³ quen_thuá»™c khÃ´ng . cÃ³ ráº¥t nhiá»u khÃ¡ch_hÃ ng Ä‘áº¿n_ná»—i nhÃ¢n_viÃªn khÃ´ng_thá»ƒ dá»n_dáº¹p bÃ n . ngoÃ i_ra cÃ²n thiáº¿u nÆ°á»›c sá»‘t , nhÆ°ng khÃ´ng náº¡p láº¡i . hamburger chá»‰ lÃ  má»™t mac lá»›n , nhÆ°ng patty dÆ°á»ng_nhÆ° Ä‘Ã£ báº­t lÃ²_vi_sÃ³ng vÃ  kÃ­ch_thÆ°á»›c bÃ¡nh_mÃ¬ káº¹p thá»‹t hÆ¡i nhá» . nhÆ°ng nÃ³ ráº» hÆ¡n má»™t_chÃºt so vá»›i hÃ n_quá»‘c .",tá»‘i kiosk thá»i_gian quen_thuá»™c khÃ¡ch_hÃ ng Ä‘áº¿n_ná»—i nhÃ¢n_viÃªn khÃ´ng_thá»ƒ dá»n_dáº¹p bÃ n ngoÃ i_ra sá»‘t náº¡p hamburger mac patty dÆ°á»ng_nhÆ° báº­t lÃ²_vi_sÃ³ng kÃ­ch_thÆ°á»›c bÃ¡nh_mÃ¬ káº¹p thá»‹t hÆ¡i ráº» má»™t_chÃºt hÃ n_quá»‘c
